전략,거래수,승률%,평균%,중앙값%,평균이익%,평균손실%,손익비(PF),평균보유(달력일),매도규칙
기준선(조건없이 매수) 단기,366484,40.0,-0.28,-1.36,5.25,-3.97,0.88,4.2,+10% / -5% / 5거래일
기준선(조건없이 매수) 스윙,222290,36.9,0.01,-7.25,11.54,-6.72,1.0,13.0,+15% / -7% / 20거래일
①  대시세 초입,8709,31.3,-0.76,-5.25,8.24,-4.86,0.77,2.1,+10% / -5% / 5거래일
①+ 대시세 초입+60일신고가,4297,30.5,-0.81,-5.25,8.62,-4.95,0.77,1.9,+10% / -5% / 5거래일
②  일목균형표 눌림,2361,32.1,-0.41,-7.25,14.05,-7.24,0.92,6.4,+15% / -7% / 20거래일
③  20일선 눌림목,14137,34.1,-0.27,-7.25,12.69,-6.97,0.94,11.3,+15% / -7% / 20거래일
④  이평선 수렴,2842,37.8,-0.04,-7.25,10.59,-6.5,0.99,15.7,+15% / -7% / 20거래일
⑤  신고가 돌파 4%,80282,36.5,-0.38,-4.79,6.96,-4.61,0.87,3.1,+10% / -5% / 5거래일
⑥  데이 주도주,18477,31.8,-0.63,-5.25,9.1,-5.16,0.82,1.5,+10% / -5% / 5거래일
⑧  스윙 대응형,18021,32.1,-0.46,-7.25,13.68,-7.16,0.9,8.1,+15% / -7% / 20거래일
⑨  스윙 예측형,35182,35.5,0.09,-7.25,12.96,-6.99,1.02,10.2,+15% / -7% / 20거래일
