종목코드,종목명,신호일,매수일,매도일,매수가,매도가,수익률,사유,거래대금
004770,써니전자,2020-01-03,2020-01-06,2020-01-08,5590.0,5142.8,-0.08249999999999996,손절,400868424600.0
001820,삼화콘덴서,2020-01-03,2020-01-06,2020-03-10,52500.0,55500.0,0.05464285714285716,추세이탈,12882599200.0
043200,파루,2020-01-13,2020-01-14,2020-01-15,5880.0,5409.6,-0.08249999999999996,손절,36183507000.0
006400,삼성SDI,2020-01-13,2020-01-14,2020-03-13,259443.0,254547.0,-0.021371197141568706,추세이탈,166208393844.0
033250,체시스,2020-01-14,2020-01-15,2020-01-22,18010.0,16569.2,-0.08249999999999996,손절,15386073790.0
068270,셀트리온,2020-01-16,2020-01-17,2020-01-20,146946.0,141654.0,-0.03851322934955698,추세이탈,229725384072.0
026890,스틱인베스트먼트,2020-01-16,2020-01-17,2020-01-21,5600.0,5152.0,-0.08249999999999996,손절,16889021680.0
018290,브이티,2020-01-16,2020-01-17,2020-01-21,11550.0,10626.0,-0.08249999999999996,손절,24571482450.0
002320,한진,2020-01-17,2020-01-20,2020-01-28,35186.0,31901.0,-0.09586099585062241,손절,11009132424.0
044960,이글벳,2020-01-22,2020-01-23,2020-01-31,7650.0,7038.0,-0.08249999999999996,손절,95156216220.0
170030,현대공업,2020-01-22,2020-01-23,2020-01-28,4710.0,4250.0,-0.10016454352441612,손절,49871883940.0
012690,모나리자,2020-01-22,2020-01-23,2020-02-04,6100.0,5612.0,-0.08249999999999996,손절,193312858700.0
018620,우진비앤지,2020-01-23,2020-01-28,2020-01-30,13700.0,12604.0,-0.08249999999999996,손절,32298829971.0
109820,진매트릭스,2020-01-23,2020-01-28,2020-01-28,4310.0,3965.2000000000003,-0.08249999999999996,손절,12131145845.0
008350,남선알미늄,2020-01-23,2020-01-28,2020-02-28,4110.0,3781.2000000000003,-0.08249999999999996,손절,157532257200.0
014580,태경비케이,2020-01-23,2020-01-28,2020-01-30,4800.0,4416.0,-0.08249999999999996,손절,11944657980.0
012860,모베이스전자,2020-02-06,2020-02-07,2020-02-10,1910.0,1757.2,-0.08249999999999996,손절,28227787000.0
058400,KNN,2020-02-07,2020-02-10,2020-02-24,12500.0,12000.0,-0.04250000000000004,추세이탈,42640503850.0
009460,한창제지,2020-02-11,2020-02-12,2020-03-11,17800.0,16376.0,-0.08249999999999996,손절,80706938500.0
206560,덱스터,2020-02-11,2020-02-12,2020-02-13,8470.0,8160.0,-0.0390997638724912,추세이탈,9162787500.0
097950,CJ제일제당,2020-02-12,2020-02-13,2020-02-28,273500.0,251620.0,-0.08249999999999996,손절,24717342000.0
003550,LG,2020-02-12,2020-02-13,2020-02-24,75289.0,69265.88,-0.08249999999999996,손절,43623585684.0
148150,세경하이테크,2020-02-14,2020-02-17,2020-02-27,12680.0,11665.6,-0.08249999999999996,손절,36078902686.0
025870,신라에스지,2020-02-14,2020-02-17,2020-02-18,10800.0,9936.0,-0.08249999999999996,손절,44749474000.0
036030,케이티알파,2020-02-17,2020-02-18,2020-02-19,6500.0,5980.0,-0.08249999999999996,손절,38338361060.0
025440,DH오토웨어,2020-02-18,2020-02-19,2020-02-20,28790.0,26486.800000000003,-0.08249999999999985,손절,108732093000.0
037950,엘컴텍,2020-04-28,2020-04-29,2020-06-22,11464.0,11027.0,-0.04061933007676205,추세이탈,47221503336.0
013810,스페코,2020-04-28,2020-04-29,2020-04-29,4830.0,4443.6,-0.08249999999999996,손절,179093096280.0
228850,레이언스,2020-04-28,2020-04-29,2020-05-04,15050.0,13846.0,-0.08249999999999996,손절,16263777600.0
058400,KNN,2020-04-29,2020-05-04,2020-07-27,12750.0,16800.0,0.3151470588235294,기간만료,38629347950.0
082800,비보존 제약,2020-05-04,2020-05-06,2020-05-14,9645.0,8873.4,-0.08250000000000007,손절,17462196675.0
068240,다원시스,2020-05-07,2020-05-08,2020-05-12,16529.0,15206.68,-0.08249999999999996,손절,15009455456.0
096630,에스코넥,2020-05-07,2020-05-08,2020-05-13,11300.0,10396.0,-0.08249999999999996,손절,36772724800.0
005290,동진쎄미켐,2020-05-07,2020-05-08,2020-07-30,18000.0,32750.0,0.8169444444444445,기간만료,36866055600.0
037230,한국팩키지,2020-05-07,2020-05-08,2020-05-11,2630.0,2419.6,-0.08250000000000007,손절,71989434020.0
083450,GST,2020-05-08,2020-05-11,2020-05-14,8694.0,7998.4800000000005,-0.08249999999999996,손절,18869711148.0
036540,SFA반도체,2020-05-08,2020-05-11,2020-06-12,5710.0,5000.0,-0.12684325744308228,손절,61518137440.0
003670,포스코퓨처엠,2020-05-13,2020-05-14,2020-08-05,48399.0,77970.0,0.6084836980102895,기간만료,49240764972.0
006400,삼성SDI,2020-05-13,2020-05-14,2020-08-05,303500.0,458187.0,0.507177100494234,기간만료,513491351350.0
025900,동화기업,2020-05-14,2020-05-15,2020-08-06,9932.0,20006.0,1.011797221103504,기간만료,87224137244.0
020150,롯데에너지머티리얼즈,2020-05-14,2020-05-15,2020-08-06,43200.0,55300.0,0.27759259259259256,기간만료,50841264000.0
302550,리메드,2020-05-15,2020-05-18,2020-06-30,6250.0,6070.0,-0.03130000000000005,추세이탈,21761639200.0
095340,ISC,2020-05-18,2020-05-19,2020-08-10,13950.0,21600.0,0.5458870967741936,기간만료,48785870000.0
086520,에코프로,2020-05-18,2020-05-19,2020-08-10,3021.0,5346.0,0.7671127110228402,기간만료,20394465690.0
030530,원익홀딩스,2020-05-18,2020-05-19,2020-08-10,4460.0,4735.0,0.059159192825112006,기간만료,36775147500.0
006050,국영지앤엠,2020-05-19,2020-05-20,2020-06-11,27200.0,25024.0,-0.08249999999999996,손절,26811482500.0
097520,엠씨넥스,2020-05-20,2020-05-21,2020-05-28,34150.0,31418.0,-0.08249999999999996,손절,90564765300.0
036830,솔브레인홀딩스,2020-05-21,2020-05-22,2020-05-28,41874.0,38524.08,-0.08249999999999996,손절,30843507293.0
074600,원익QnC,2020-05-21,2020-05-22,2020-05-28,15000.0,13800.0,-0.08249999999999996,손절,23744610200.0
000250,삼천당제약,2020-05-22,2020-05-25,2020-07-01,39600.0,37000.0,-0.06815656565656564,추세이탈,40927263000.0
066970,엘앤에프,2020-05-25,2020-05-26,2020-05-28,24105.0,22176.600000000002,-0.08249999999999996,손절,26125519588.0
046890,서울반도체,2020-05-26,2020-05-27,2020-05-28,15300.0,14076.0,-0.08249999999999996,손절,259586562600.0
033640,네패스,2020-05-27,2020-05-28,2020-06-09,33700.0,31004.0,-0.08249999999999996,손절,75467990500.0
064820,케이프,2020-06-10,2020-06-11,2020-06-15,3855.0,3546.6000000000004,-0.08249999999999996,손절,17387120400.0
045390,대아티아이,2020-07-06,2020-07-07,2020-07-10,7330.0,6743.6,-0.08249999999999996,손절,238094915080.0
215380,콜마바이오텍,2020-07-06,2020-07-07,2020-07-16,9370.0,8620.4,-0.08250000000000007,손절,207306297240.0
066360,체리부로,2020-07-08,2020-07-09,2020-07-20,4966.0,4568.72,-0.08249999999999996,손절,10069480800.0
035900,JYP Ent.,2020-07-09,2020-07-10,2020-10-07,27950.0,36800.0,0.3141368515205724,기간만료,88396770750.0
009320,아진전자부품,2020-07-13,2020-07-14,2020-07-24,2570.0,2390.0,-0.07253891050583655,추세이탈,20846561415.0
041920,메디아나,2020-07-13,2020-07-14,2020-07-16,12151.0,11178.92,-0.08249999999999996,손절,37287627696.0
131970,두산테스나,2020-07-14,2020-07-15,2020-10-13,34467.0,42700.0,0.2363661618359591,기간만료,14409112722.0
205100,엑셈,2020-07-15,2020-07-16,2020-07-17,2301.0,2116.92,-0.08249999999999996,손절,27785382488.0
001340,PKC,2020-07-15,2020-07-16,2020-07-17,4667.0,4293.64,-0.08249999999999996,손절,193372234894.0
195990,루트K,2020-07-16,2020-07-17,2020-07-22,15808.0,14543.36,-0.08249999999999996,손절,246476353408.0
048430,유라테크,2020-07-17,2020-07-20,2020-09-22,8810.0,10200.0,0.15527525539160053,추세이탈,75305667460.0
267320,나인테크,2020-07-17,2020-07-20,2020-10-16,2390.0,4630.0,0.9347384937238494,기간만료,9396811720.0
011080,형지I&C,2020-07-20,2020-07-21,2020-07-21,24442.0,22486.64,-0.08250000000000007,손절,39432465450.0
064550,바이오니아,2020-07-20,2020-07-21,2020-10-19,14150.0,24350.0,0.7183480565371025,기간만료,61539100000.0
024720,콜마홀딩스,2020-07-20,2020-07-21,2020-07-23,17012.0,15651.04,-0.08249999999999996,손절,52098146036.0
076080,웰크론한텍,2020-07-21,2020-07-22,2020-07-22,2945.0,2709.4,-0.08249999999999996,손절,65883863640.0
068240,다원시스,2020-07-22,2020-07-23,2020-09-25,17315.0,18930.0,0.09077172971412079,추세이탈,37114130125.0
016920,카스,2020-07-22,2020-07-23,2020-08-20,2025.0,1863.0,-0.08249999999999996,손절,15227018950.0
042700,한미반도체,2020-07-22,2020-07-23,2020-07-31,6050.0,5566.0,-0.08249999999999996,손절,82798465150.0
045970,코아시아,2020-07-23,2020-07-24,2020-08-18,10550.0,9706.0,-0.08249999999999996,손절,11488489950.0
035200,프럼파스트,2020-07-23,2020-07-24,2020-08-05,5040.0,4636.8,-0.08249999999999996,손절,52404607370.0
002800,신신제약,2020-07-23,2020-07-24,2020-07-27,13400.0,12328.0,-0.08249999999999996,손절,62953668650.0
003310,대주산업,2020-07-23,2020-07-24,2020-09-23,1610.0,1680.0,0.040978260869565186,추세이탈,35440911415.0
061250,화일약품,2020-07-24,2020-07-27,2020-07-27,42660.0,39247.200000000004,-0.08249999999999985,손절,229374069000.0
000910,유니온,2020-07-24,2020-07-27,2020-07-27,9810.0,9025.2,-0.08249999999999996,손절,422832819500.0
166480,코아스템켐온,2020-07-24,2020-07-27,2020-07-27,20520.0,18878.4,-0.08249999999999996,손절,70426780749.0
078590,휴림에이텍,2020-07-27,2020-07-28,2020-07-30,37225.0,34247.0,-0.08249999999999996,손절,19245800025.0
038070,서린바이오,2020-07-27,2020-07-28,2020-07-28,12977.0,11938.84,-0.08249999999999996,손절,142362953616.0
010130,고려아연,2020-07-27,2020-07-28,2020-08-04,446000.0,410320.0,-0.08249999999999996,손절,75162286500.0
064350,현대로템,2020-07-28,2020-07-29,2020-08-12,18450.0,16050.0,-0.13258130081300817,손절,296836672000.0
099320,쎄트렉아이,2020-07-29,2020-07-30,2020-08-03,25600.0,23552.0,-0.08249999999999996,손절,53031760100.0
047080,한빛소프트,2020-07-29,2020-07-30,2020-07-30,4370.0,4020.4,-0.08249999999999996,손절,67272728635.0
950130,엑세스바이오,2020-07-30,2020-07-31,2020-11-04,6125.0,24296.0,2.9641938775510206,기간만료,103592622600.0
245620,EDGC,2020-07-30,2020-07-31,2020-08-12,14380.0,13229.6,-0.08249999999999996,손절,686491661812.0
033640,네패스,2020-07-30,2020-07-31,2020-08-06,35900.0,33028.0,-0.08249999999999996,손절,101862474000.0
006920,모헨즈,2020-07-30,2020-07-31,2020-08-05,5300.0,4876.0,-0.08249999999999996,손절,16524837180.0
053980,오상자이엘,2020-08-03,2020-08-04,2020-08-04,13800.0,12696.0,-0.08249999999999996,손절,115808667003.0
241820,피씨엘,2020-08-03,2020-08-04,2020-08-04,135200.0,124384.0,-0.08249999999999996,손절,87282454600.0
038500,삼표시멘트,2020-08-04,2020-08-05,2020-08-18,3795.0,3491.4,-0.08249999999999996,손절,22023714960.0
137940,넥스트아이,2020-08-05,2020-08-06,2020-08-12,16900.0,15548.0,-0.08249999999999996,손절,61161291000.0
000520,삼일제약,2020-08-06,2020-08-07,2020-08-10,10838.0,9832.0,-0.09532155379221258,손절,128042678192.0
042000,카페24,2020-08-10,2020-08-11,2020-08-18,34691.0,31915.72,-0.08249999999999996,손절,46207736000.0
336370,솔루스첨단소재,2020-08-10,2020-08-11,2020-08-18,21731.0,19992.52,-0.08249999999999996,손절,107349981336.0
001840,이화공영,2020-08-11,2020-08-12,2020-08-14,9156.0,8423.52,-0.08249999999999996,손절,125050221660.0
043910,자연과환경,2020-08-11,2020-08-12,2020-08-14,14320.0,13174.400000000001,-0.08249999999999985,손절,107435603680.0
192820,코스맥스,2020-08-14,2020-08-18,2020-08-20,111256.0,102355.52,-0.08249999999999996,손절,111960005492.0
163560,동일고무벨트,2020-08-18,2020-08-19,2020-09-23,9768.0,9148.0,-0.06597256347256347,추세이탈,42917304920.0
034940,조아제약,2020-08-26,2020-08-27,2020-08-27,31000.0,28520.0,-0.08249999999999996,손절,211068435600.0
054180,메디콕스,2020-08-26,2020-08-27,2020-08-27,130574.0,120128.08,-0.08249999999999996,손절,1172373519600.0
109960,앱토크롬,2020-08-26,2020-08-27,2020-08-27,130474.0,120036.08,-0.08249999999999996,손절,250394165810.0
032850,비트컴퓨터,2020-08-27,2020-08-28,2020-09-01,13450.0,12300.0,-0.08800185873605954,손절,418938052750.0
305090,마이크로디지탈,2020-08-27,2020-08-28,2020-08-31,12458.0,11132.0,-0.10893763043827259,손절,27433532536.0
103840,우양,2020-08-28,2020-08-31,2020-09-01,6230.0,5731.6,-0.08249999999999996,손절,77200322150.0
140410,메지온,2020-08-28,2020-08-31,2020-09-01,52572.0,56678.0,0.07560241193030509,추세이탈,65277418780.0
052420,오성첨단소재,2020-08-31,2020-09-01,2020-09-04,23420.0,20830.0,-0.11308923996584114,손절,70801149750.0
053950,경남제약,2020-09-01,2020-09-02,2020-09-02,36645.0,33713.4,-0.08249999999999996,손절,21990884370.0
066590,스모트로닉,2020-09-02,2020-09-03,2020-12-01,5300.0,8590.0,0.6182547169811321,기간만료,22796876000.0
080720,한국유니온제약,2020-09-03,2020-09-04,2020-09-21,15300.0,14076.0,-0.08249999999999996,손절,167030144064.0
014160,대영포장,2020-09-04,2020-09-07,2020-09-25,1155.0,1080.0,-0.06743506493506496,추세이탈,48226061560.0
226330,신테카바이오,2020-09-04,2020-09-07,2020-11-09,20501.0,21212.0,0.03218123506170428,추세이탈,370862843988.0
230240,에치에프알,2020-09-07,2020-09-08,2020-09-08,43859.0,40350.28,-0.08250000000000007,손절,144536111460.0
052900,KX하이텍,2020-09-07,2020-09-08,2020-09-21,1485.0,1366.2,-0.08249999999999996,손절,20884991855.0
067630,HLB생명과학,2020-09-07,2020-09-08,2020-09-09,10962.0,9963.0,-0.09363300492610843,손절,172480271949.0
047820,초록뱀미디어,2020-09-07,2020-09-08,2020-10-27,27375.0,30600.0,0.11530821917808226,추세이탈,7789302405975.0
234690,녹십자웰빙,2020-09-07,2020-09-08,2020-09-08,17750.0,16330.0,-0.08249999999999996,손절,116135845600.0
075580,세진중공업,2020-09-08,2020-09-09,2020-09-09,7627.0,7016.84,-0.08249999999999996,손절,123736945338.0
022100,포스코DX,2020-09-08,2020-09-09,2020-12-07,5440.0,7010.0,0.28610294117647056,기간만료,247297518000.0
006650,대한유화,2020-09-08,2020-09-09,2020-12-07,151000.0,235500.0,0.5571026490066227,기간만료,105976246500.0
024740,한일단조,2020-09-08,2020-09-09,2020-09-11,2520.0,2318.4,-0.08249999999999996,손절,79369157115.0
001440,대한전선,2020-09-08,2020-09-09,2020-09-21,7566.0,6960.72,-0.08249999999999996,손절,33628422960.0
049080,기가레인,2020-09-09,2020-09-10,2020-12-08,17100.0,22200.0,0.29574561403508776,기간만료,13187257000.0
049950,미래컴퍼니,2020-09-10,2020-09-11,2020-09-17,34760.0,31979.2,-0.08249999999999996,손절,59254004478.0
038870,에코심플렉스,2020-09-11,2020-09-14,2020-09-17,10950.0,10074.0,-0.08249999999999996,손절,102680809000.0
096760,JW홀딩스,2020-09-11,2020-09-14,2020-10-16,5513.0,5071.96,-0.08249999999999996,손절,133069787960.0
033310,엠투엔,2020-09-11,2020-09-14,2020-09-14,7920.0,7286.400000000001,-0.08249999999999996,손절,69145131660.0
042520,한스바이오메드,2020-09-11,2020-09-14,2020-09-21,26950.0,24794.0,-0.08249999999999996,손절,33804489950.0
087010,펩트론,2020-09-11,2020-09-14,2020-09-21,22944.0,21108.48,-0.08250000000000007,손절,33704228025.0
298000,효성화학,2020-09-14,2020-09-15,2020-09-17,292000.0,268640.0,-0.08249999999999996,손절,15629400000.0
003620,KG모빌리티,2020-09-14,2020-09-15,2020-09-15,30972.0,28494.24,-0.08249999999999996,손절,1860567957004.0
000300,DH오토넥스,2020-09-14,2020-09-15,2020-09-15,19778.0,18195.760000000002,-0.08249999999999985,손절,131827649040.0
155650,와이엠씨,2020-09-14,2020-09-15,2020-09-16,14450.0,13294.0,-0.08249999999999996,손절,78954003600.0
011320,유니크,2020-09-14,2020-09-15,2020-09-15,10050.0,9246.0,-0.08249999999999996,손절,190074067400.0
141080,리가켐바이오,2020-09-15,2020-09-16,2020-09-21,64100.0,58972.0,-0.08249999999999996,손절,956655252100.0
200230,텔콘RF제약,2020-09-15,2020-09-16,2020-09-16,142679.0,131264.68,-0.08250000000000007,손절,422982898569.0
032800,판타지오,2020-09-15,2020-09-16,2020-09-18,34290.0,32163.0,-0.06452974628171476,추세이탈,1138150285290.0
092780,DYP,2020-09-16,2020-09-17,2020-09-21,6740.0,6200.8,-0.08249999999999996,손절,28759274950.0
057540,옴니시스템,2020-09-16,2020-09-17,2020-09-22,2383.0,2192.36,-0.08249999999999996,손절,34082541052.0
094360,칩스앤미디어,2020-09-16,2020-09-17,2020-09-22,5000.0,4600.0,-0.08249999999999996,손절,43564960320.0
054450,텔레칩스,2020-09-16,2020-09-17,2020-09-22,10650.0,9798.0,-0.08249999999999996,손절,129924696300.0
290270,휴네시온,2020-09-17,2020-09-18,2020-09-18,6810.0,6265.2,-0.08250000000000007,손절,90798131310.0
000120,CJ대한통운,2020-09-17,2020-09-18,2020-09-24,179500.0,165140.0,-0.08249999999999996,손절,34540287500.0
104040,디에스엠,2020-09-17,2020-09-18,2020-09-22,9350.0,8602.0,-0.08249999999999996,손절,168530596875.0
053050,지에스이,2020-09-17,2020-09-18,2020-09-22,1725.0,1587.0,-0.08249999999999996,손절,27164116400.0
009460,한창제지,2020-09-17,2020-09-18,2020-10-20,11150.0,10258.0,-0.08249999999999996,손절,11769788800.0
032640,LG유플러스,2020-09-17,2020-09-18,2020-09-21,11850.0,11700.0,-0.015158227848101223,추세이탈,106440290550.0
118990,모트렉스,2020-09-18,2020-09-21,2020-12-17,7326.0,11107.0,0.5136070161070161,기간만료,80902670499.0
051490,나라엠앤디,2020-09-18,2020-09-21,2020-12-16,8030.0,11400.0,0.41717621419676204,추세이탈,33779075130.0
065350,신성델타테크,2020-09-18,2020-09-21,2020-09-28,6650.0,6118.0,-0.08249999999999996,손절,435039819480.0
014970,삼륭물산,2020-09-18,2020-09-21,2020-09-21,10450.0,9614.0,-0.08249999999999996,손절,162651038700.0
009240,한샘,2020-10-08,2020-10-12,2020-10-15,117500.0,108100.0,-0.08249999999999996,손절,22583576000.0
256940,킵스파마,2020-10-08,2020-10-12,2020-10-14,21300.0,19596.0,-0.08249999999999996,손절,31817194500.0
013700,까뮤이앤씨,2020-10-12,2020-10-13,2020-10-20,1980.0,1821.6000000000001,-0.08249999999999996,손절,163243923920.0
030190,NICE평가정보,2020-10-13,2020-10-14,2020-10-19,20550.0,19650.0,-0.04629562043795615,추세이탈,10438598400.0
101140,인바이오젠,2020-10-20,2020-10-21,2020-12-30,123262.0,142803.0,0.1560322321558955,추세이탈,12486918435.0
007070,GS리테일,2020-10-20,2020-10-21,2020-10-27,31431.0,28916.52,-0.08249999999999996,손절,22568031960.0
086790,하나금융지주,2020-10-21,2020-10-22,2021-01-05,31200.0,33250.0,0.06320512820512819,추세이탈,65985341600.0
138930,BNK금융지주,2020-10-22,2020-10-23,2020-12-30,5800.0,5680.0,-0.023189655172413833,추세이탈,15671244990.0
017900,광전자,2020-10-22,2020-10-23,2020-10-26,2640.0,2428.8,-0.08249999999999996,손절,23396574775.0
012280,영화금속,2020-11-12,2020-11-13,2020-12-07,10875.0,10005.0,-0.08249999999999996,손절,96023615625.0
039490,키움증권,2020-11-13,2020-11-16,2021-02-10,112000.0,150000.0,0.3367857142857142,기간만료,14961313500.0
006890,태경케미컬,2020-11-13,2020-11-16,2020-11-17,14600.0,12700.0,-0.13263698630136983,손절,321587101850.0
010140,삼성중공업,2020-11-13,2020-11-16,2021-01-29,5757.0,6173.0,0.06975985756470376,추세이탈,47381826372.0
009540,HD한국조선해양,2020-11-17,2020-11-18,2021-01-28,101000.0,100000.0,-0.01240099009900991,추세이탈,62361600000.0
000720,현대건설,2020-11-17,2020-11-18,2021-02-16,33372.0,41838.0,0.251185724559511,기간만료,106290997824.0
014680,한솔케미칼,2020-11-17,2020-11-18,2020-11-30,170000.0,156400.0,-0.08249999999999996,손절,16518427500.0
000890,보해양조,2020-11-18,2020-11-19,2020-11-26,5125.0,4715.0,-0.08249999999999996,손절,20449967200.0
082740,한화엔진,2020-11-24,2020-11-25,2021-02-01,5294.0,5443.0,0.025645069890441966,추세이탈,58339420440.0
096770,SK이노베이션,2020-11-24,2020-11-25,2021-02-23,162843.0,279934.0,0.7165422677057043,기간만료,201388746152.0
003850,보령,2020-11-25,2020-11-26,2020-12-09,15112.0,13903.04,-0.08249999999999996,손절,365927966855.0
023150,MH에탄올,2020-11-26,2020-11-27,2020-12-23,9170.0,8436.4,-0.08250000000000007,손절,23396438870.0
011790,SKC,2020-11-27,2020-11-30,2021-02-26,84406.0,110442.0,0.305961483780774,기간만료,110837604930.0
336370,솔루스첨단소재,2020-11-27,2020-11-30,2021-01-29,24021.0,22099.32,-0.08249999999999996,손절,295368535980.0
005070,코스모신소재,2020-11-27,2020-11-30,2021-02-26,15211.0,19608.0,0.2865671224771546,기간만료,23424883456.0
090460,비에이치,2020-11-27,2020-11-30,2020-12-04,23000.0,21150.0,-0.08293478260869563,추세이탈,29344215600.0
003070,코오롱글로벌,2020-11-30,2020-12-01,2020-12-23,19555.0,18360.0,-0.06360969061621063,추세이탈,11818491876.0
217270,넵튠,2020-11-30,2020-12-01,2021-03-02,19350.0,27900.0,0.43936046511627896,기간만료,92846213850.0
101490,에스앤에스텍,2020-11-30,2020-12-01,2020-12-22,45050.0,41446.0,-0.08249999999999996,손절,34427851700.0
036810,에프에스티,2020-11-30,2020-12-01,2021-03-02,23839.0,31605.0,0.32326869835144095,기간만료,12414320910.0
001820,삼화콘덴서,2020-11-30,2020-12-01,2021-02-25,59100.0,67500.0,0.13963197969543145,추세이탈,10553274000.0
151860,KG에코솔루션,2020-11-30,2020-12-01,2021-03-02,5100.0,6410.0,0.2543627450980392,기간만료,62959315440.0
008930,한미사이언스,2020-12-01,2020-12-02,2021-02-18,67260.0,67416.0,-0.00018064228367525642,추세이탈,97873265952.0
063160,종근당바이오,2020-12-01,2020-12-02,2021-02-01,68900.0,65500.0,-0.05184687953555883,추세이탈,615376086600.0
061970,LB세미콘,2020-12-01,2020-12-02,2021-02-23,10859.0,12342.0,0.13406874481996506,추세이탈,21177641992.0
067900,와이엔텍,2020-12-01,2020-12-02,2020-12-04,13650.0,12558.0,-0.08249999999999996,손절,21222146400.0
079160,CJ CGV,2020-12-02,2020-12-03,2020-12-04,17642.0,16230.640000000001,-0.08249999999999996,손절,47207714715.0
214390,경보제약,2020-12-02,2020-12-03,2021-01-29,11448.0,10532.16,-0.08249999999999996,손절,379564951175.0
061250,화일약품,2020-12-04,2020-12-07,2020-12-29,40660.0,39000.0,-0.043326364977865184,추세이탈,25046583530.0
097520,엠씨넥스,2020-12-07,2020-12-08,2021-03-09,37200.0,51600.0,0.3845967741935485,기간만료,19961790750.0
073490,LIG아큐버,2020-12-08,2020-12-09,2021-01-18,62900.0,57868.0,-0.08249999999999996,손절,11002748400.0
073110,엘엠에스,2020-12-09,2020-12-10,2021-01-28,12800.0,11776.0,-0.08249999999999996,손절,40026028350.0
294870,IPARK현대산업개발,2020-12-09,2020-12-10,2021-02-25,25300.0,27050.0,0.06666996047430834,추세이탈,89321610500.0
001390,KG케미칼,2020-12-09,2020-12-10,2021-02-01,4510.0,4360.0,-0.03575942350332589,추세이탈,58384868850.0
141080,리가켐바이오,2020-12-10,2020-12-11,2020-12-22,69000.0,63480.0,-0.08249999999999996,손절,104657544000.0
003090,대웅,2020-12-10,2020-12-11,2021-02-09,41500.0,43700.0,0.050512048192771164,추세이탈,714071506150.0
005420,코스모화학,2020-12-10,2020-12-11,2021-03-02,10194.0,10841.0,0.06096870708259766,추세이탈,177828629963.0
053160,프리엠스,2020-12-10,2020-12-11,2021-03-11,11700.0,16500.0,0.40775641025641035,추세이탈,28098208600.0
010170,대한광통신,2020-12-11,2020-12-14,2020-12-23,3402.0,3258.0,-0.04482804232804233,추세이탈,14652781416.0
010120,LS ELECTRIC,2020-12-11,2020-12-14,2021-02-18,11800.0,12500.0,0.056822033898305147,추세이탈,21336347000.0
182400,엔케이젠바이오텍코리아,2020-12-11,2020-12-14,2021-03-09,16532.0,17577.0,0.06071074280183891,추세이탈,26019934936.0
003520,영진약품,2020-12-14,2020-12-15,2020-12-28,8380.0,7709.6,-0.08249999999999996,손절,107831858330.0
016250,SGC E&C,2020-12-15,2020-12-16,2020-12-21,37392.0,34400.64,-0.08250000000000007,손절,24231841920.0
093370,후성,2020-12-15,2020-12-16,2021-02-22,10156.0,10888.0,0.06957562032296177,추세이탈,53486773340.0
119500,포메탈,2020-12-15,2020-12-16,2021-03-03,4050.0,4305.0,0.060462962962962885,추세이탈,8412116130.0
064350,현대로템,2020-12-15,2020-12-16,2021-03-17,17100.0,20850.0,0.2167982456140351,기간만료,109338717400.0
218410,RFHIC,2020-12-15,2020-12-16,2021-02-15,39709.0,40978.0,0.02945749074517118,추세이탈,22022545830.0
298040,효성중공업,2020-12-16,2020-12-17,2020-12-23,63200.0,59500.0,-0.061044303797468336,추세이탈,18969633600.0
088800,에이스테크,2020-12-16,2020-12-17,2021-01-27,69976.0,67519.0,-0.037612038413170235,추세이탈,61704371165.0
086450,동국제약,2020-12-16,2020-12-17,2021-02-25,27200.0,28600.0,0.048970588235294155,추세이탈,12901041600.0
353200,대덕전자,2020-12-17,2020-12-18,2021-03-18,11600.0,14100.0,0.21301724137931027,추세이탈,21062309350.0
224110,에이텍모빌리티,2020-12-18,2020-12-21,2020-12-24,24300.0,22356.0,-0.08249999999999996,손절,47087157600.0
011080,형지I&C,2020-12-21,2020-12-22,2020-12-23,27446.0,25250.32,-0.08249999999999996,손절,37843154764.0
222080,SFA넥셀,2020-12-21,2020-12-22,2021-03-23,8940.0,14200.0,0.5858668903803133,기간만료,346650832650.0
083790,CG인바이츠,2020-12-21,2020-12-22,2020-12-23,12504.0,11503.68,-0.08249999999999996,손절,49652539972.0
053800,안랩,2020-12-22,2020-12-23,2021-03-12,72000.0,79100.0,0.0961111111111112,추세이탈,39138310200.0
036890,진성티이씨,2020-12-24,2020-12-28,2021-01-28,12150.0,11178.0,-0.08249999999999996,손절,74509254900.0
033270,유나이티드제약,2020-12-24,2020-12-28,2021-01-11,65900.0,59500.0,-0.09961684370257967,손절,271215636300.0
039290,인포뱅크,2020-12-28,2020-12-29,2021-02-25,11000.0,11150.0,0.011136363636363668,추세이탈,120691494000.0
161890,한국콜마,2020-12-29,2020-12-30,2021-03-30,50200.0,56900.0,0.13096613545816743,기간만료,27546683400.0
311690,CJ 바이오사이언스,2020-12-30,2021-01-04,2021-01-08,46220.0,42522.4,-0.08249999999999996,손절,16786443850.0
122350,삼기,2020-12-30,2021-01-04,2021-03-05,4650.0,4278.0,-0.08249999999999996,손절,299128989750.0
071670,에이테크솔루션,2020-12-30,2021-01-04,2021-02-25,12800.0,16100.0,0.2553125,추세이탈,13194178800.0
161580,필옵틱스,2020-12-30,2021-01-04,2021-01-06,16150.0,14858.0,-0.08249999999999996,손절,15899114400.0
234690,녹십자웰빙,2021-01-04,2021-01-05,2021-01-12,14400.0,13700.0,-0.05111111111111116,추세이탈,27165482400.0
060250,NHN KCP,2021-01-04,2021-01-05,2021-01-12,42308.0,38923.36,-0.08249999999999996,손절,26716993884.0
166480,코아스템켐온,2021-01-05,2021-01-06,2021-01-08,21760.0,20019.2,-0.08249999999999996,손절,27546324000.0
097950,CJ제일제당,2021-01-05,2021-01-06,2021-02-25,417000.0,409000.0,-0.02168465227817745,추세이탈,138540822000.0
009830,한화솔루션,2021-01-06,2021-01-07,2021-01-12,64902.0,59709.840000000004,-0.08249999999999996,손절,690987875824.0
017000,신원종합개발,2021-01-06,2021-01-07,2021-01-29,5390.0,4958.8,-0.08249999999999996,손절,15837412160.0
093380,풍강,2021-01-06,2021-01-07,2021-01-11,4250.0,3910.0,-0.08249999999999996,손절,27143019350.0
082270,젬백스,2021-01-06,2021-01-07,2021-01-07,30900.0,28428.0,-0.08249999999999996,손절,171077001400.0
045660,에이텍,2021-01-07,2021-01-08,2021-01-11,37650.0,34638.0,-0.08249999999999996,손절,58972889250.0
041930,SY동아,2021-01-07,2021-01-08,2021-03-11,11850.0,12500.0,0.05235232067510548,추세이탈,89371509150.0
196490,디에이테크놀로지,2021-01-07,2021-01-08,2021-02-04,46740.0,43000.8,-0.08249999999999996,손절,11661239040.0
298040,효성중공업,2021-01-07,2021-01-08,2021-01-12,69900.0,64308.0,-0.08249999999999996,손절,31954496200.0
139480,이마트,2021-01-07,2021-01-08,2021-03-25,169000.0,172000.0,0.015251479289940919,추세이탈,182274201000.0
126880,제이엔케이글로벌,2021-01-08,2021-01-11,2021-02-24,9110.0,8770.0,-0.03982162458836441,추세이탈,21476927200.0
170030,현대공업,2021-01-08,2021-01-11,2021-01-11,10450.0,9614.0,-0.08249999999999996,손절,314391979200.0
009680,모토닉,2021-01-08,2021-01-11,2021-01-15,14850.0,13662.0,-0.08249999999999996,손절,21834321600.0
033530,SJG세종,2021-01-08,2021-01-11,2021-01-18,10300.0,9476.0,-0.08249999999999996,손절,53539435350.0
012340,뉴인텍,2021-01-08,2021-01-11,2021-01-12,17889.0,16457.88,-0.08249999999999996,손절,77856025632.0
035420,NAVER,2021-01-08,2021-01-11,2021-01-12,320000.0,294400.0,-0.08249999999999996,손절,990723552000.0
118990,모트렉스,2021-01-08,2021-01-11,2021-01-12,13526.0,12443.92,-0.08249999999999996,손절,512698038303.0
142210,유니트론텍,2021-01-08,2021-01-11,2021-01-29,6327.0,5820.84,-0.08249999999999996,손절,34528948976.0
104040,디에스엠,2021-01-08,2021-01-11,2021-01-13,14650.0,13478.0,-0.08249999999999996,손절,208127427750.0
317120,라닉스,2021-01-11,2021-01-12,2021-01-12,13095.0,12047.4,-0.08250000000000007,손절,341236457360.0
210980,SK디앤디,2021-01-11,2021-01-12,2021-01-19,17758.0,16698.0,-0.06219140668994255,추세이탈,22804841680.0
054450,텔레칩스,2021-01-11,2021-01-12,2021-01-18,16950.0,15594.0,-0.08249999999999996,손절,575369959750.0
251270,넷마블,2021-01-11,2021-01-12,2021-01-13,126500.0,125500.0,-0.010405138339920903,추세이탈,157774640000.0
053700,삼보모터스,2021-01-11,2021-01-12,2021-01-29,7800.0,7176.0,-0.08249999999999996,손절,11351476800.0
095190,신화프리텍,2021-01-11,2021-01-12,2021-02-01,6260.0,6050.0,-0.0360463258785943,추세이탈,21486757200.0
087260,모바일어플라이언스,2021-01-11,2021-01-12,2021-01-29,5440.0,5004.8,-0.08249999999999996,손절,169472533400.0
080220,제주반도체,2021-01-12,2021-01-13,2021-01-18,4535.0,4172.2,-0.08250000000000007,손절,82257577380.0
267320,나인테크,2021-01-13,2021-01-14,2021-02-25,5110.0,4880.0,-0.04750978473581219,추세이탈,66976092170.0
079810,APS이노베이션,2021-01-14,2021-01-15,2021-02-10,9527.0,8764.84,-0.08249999999999996,손절,15115550160.0
006980,우성,2021-01-14,2021-01-15,2021-02-01,32900.0,30800.0,-0.06632978723404254,추세이탈,41160712250.0
226330,신테카바이오,2021-01-15,2021-01-18,2021-01-18,19664.0,18090.88,-0.08249999999999996,손절,43382421216.0
025860,남해화학,2021-01-15,2021-01-18,2021-02-01,9180.0,8445.6,-0.08249999999999996,손절,11861183240.0
038530,케이바이오랩스,2021-01-21,2021-01-22,2021-01-22,71450.0,65734.0,-0.08249999999999996,손절,306778208600.0
217500,러셀,2021-01-22,2021-01-25,2021-04-21,3980.0,5860.0,0.4698618090452262,기간만료,74648008800.0
053030,바이넥스,2021-02-15,2021-02-16,2021-02-16,35700.0,32844.0,-0.08249999999999996,손절,1026398124100.0
216050,인크로스,2021-02-15,2021-02-16,2021-02-26,35050.0,32246.0,-0.08249999999999996,손절,16370472300.0
175250,아이큐어,2021-02-16,2021-02-17,2021-02-17,31235.0,28736.2,-0.08249999999999996,손절,140941997408.0
112040,위메이드,2021-02-16,2021-02-17,2021-02-19,21898.0,20146.16,-0.08249999999999996,손절,22113795550.0
002780,진흥기업,2021-03-17,2021-03-18,2021-04-08,32350.0,29762.0,-0.08249999999999996,손절,17290416000.0
206650,유바이오로직스,2021-04-08,2021-04-09,2021-07-05,25100.0,42500.0,0.6907270916334662,기간만료,68608108800.0
094840,슈프리마에이치큐,2021-04-08,2021-04-09,2021-04-13,13200.0,12144.0,-0.08249999999999996,손절,52823229600.0
053160,프리엠스,2021-04-08,2021-04-09,2021-04-09,30400.0,27968.0,-0.08249999999999996,손절,51909763500.0
040610,SG&G,2021-04-08,2021-04-09,2021-04-19,6140.0,5648.8,-0.08249999999999996,손절,11069188380.0
025950,동신건설,2021-04-09,2021-04-12,2021-04-14,60200.0,55384.0,-0.08249999999999996,손절,246989858500.0
144510,지씨셀,2021-04-09,2021-04-12,2021-05-04,104800.0,99500.0,-0.05307251908396943,추세이탈,185002983900.0
237690,에스티팜,2021-04-09,2021-04-12,2021-06-08,96500.0,106000.0,0.09594559585492218,추세이탈,87938007300.0
237880,클리오,2021-04-13,2021-04-14,2021-04-19,22850.0,21022.0,-0.08249999999999996,손절,15356712000.0
007980,TP,2021-04-13,2021-04-14,2021-04-15,2760.0,2539.2000000000003,-0.08249999999999985,손절,25685440710.0
037230,한국팩키지,2021-04-14,2021-04-15,2021-04-19,6190.0,5694.8,-0.08249999999999996,손절,25319459100.0
263720,디앤씨미디어,2021-04-14,2021-04-15,2021-04-19,51000.0,46920.0,-0.08249999999999996,손절,200657842000.0
083420,그린케미칼,2021-04-14,2021-04-15,2021-04-15,16800.0,15456.0,-0.08249999999999996,손절,41352215750.0
025750,한솔홈데코,2021-04-14,2021-04-15,2021-04-23,11450.0,10534.0,-0.08249999999999996,손절,10742571000.0
089030,테크윙,2021-04-15,2021-04-16,2021-05-13,12784.0,11761.28,-0.08249999999999996,손절,95967919102.0
013990,아가방컴퍼니,2021-04-16,2021-04-19,2021-07-13,5310.0,6670.0,0.253620527306968,기간만료,189034681020.0
081660,미스토홀딩스,2021-04-16,2021-04-19,2021-07-13,45900.0,53600.0,0.16525599128540297,기간만료,54955282600.0
025900,동화기업,2021-04-16,2021-04-19,2021-06-01,28557.0,26272.440000000002,-0.08249999999999996,손절,20150635230.0
054920,한컴위드,2021-04-16,2021-04-19,2021-04-23,12400.0,11408.0,-0.08249999999999996,손절,62794559000.0
000300,DH오토넥스,2021-04-19,2021-04-20,2021-04-22,22479.0,20680.68,-0.08249999999999996,손절,152196884331.0
089230,THE E&M,2021-04-19,2021-04-20,2021-04-20,13150.0,12098.0,-0.08249999999999996,손절,17047330750.0
950200,소마젠,2021-04-19,2021-04-20,2021-04-29,15750.0,14490.0,-0.08249999999999996,손절,208269294000.0
021040,대호특수강,2021-04-20,2021-04-21,2021-07-09,4480.0,4580.0,0.019821428571428604,추세이탈,204241352800.0
005690,파미셀,2021-04-20,2021-04-21,2021-04-27,18900.0,17388.0,-0.08249999999999996,손절,69100785000.0
002880,디와이에이,2021-04-20,2021-04-21,2021-05-11,22370.0,20580.4,-0.08249999999999996,손절,16736385150.0
068270,셀트리온,2021-04-20,2021-04-21,2021-04-22,244977.0,242075.0,-0.014346010033594979,추세이탈,317413768266.0
064350,현대로템,2021-04-21,2021-04-22,2021-05-03,20450.0,20250.0,-0.012279951100244544,추세이탈,110507195150.0
336370,솔루스첨단소재,2021-04-22,2021-04-23,2021-06-09,23467.0,22984.0,-0.023082094004346517,추세이탈,47621367860.0
010130,고려아연,2021-04-22,2021-04-23,2021-06-10,437000.0,430000.0,-0.018518306636155554,추세이탈,63049049000.0
278280,천보,2021-04-22,2021-04-23,2021-05-03,189500.0,174340.0,-0.08249999999999996,손절,36501894000.0
084990,헬릭스미스,2021-04-22,2021-04-23,2021-05-04,26419.0,24305.48,-0.08250000000000007,손절,12269445240.0
053030,바이넥스,2021-04-22,2021-04-23,2021-04-23,33400.0,30728.0,-0.08249999999999996,손절,662933644500.0
086520,에코프로,2021-04-23,2021-04-26,2021-06-09,9186.0,8451.12,-0.08249999999999996,손절,30624669808.0
000270,기아,2021-04-23,2021-04-26,2021-04-27,81500.0,81900.0,0.002407975460122671,추세이탈,366561700200.0
227950,엔투텍,2021-04-26,2021-04-27,2021-04-28,16400.0,15088.0,-0.08249999999999996,손절,97967531150.0
092070,디엔에프,2021-04-26,2021-04-27,2021-04-29,26350.0,24242.0,-0.08249999999999996,손절,10418948100.0
006890,태경케미컬,2021-04-26,2021-04-27,2021-04-28,16050.0,14766.0,-0.08249999999999996,손절,73171387200.0
074430,아미노로직스,2021-04-27,2021-04-28,2021-07-15,2785.0,3145.0,0.12676391382405744,추세이탈,13435093435.0
016580,환인제약,2021-04-27,2021-04-28,2021-07-22,20200.0,21850.0,0.07918316831683175,추세이탈,9051822000.0
024900,디와이덕양,2021-04-28,2021-04-29,2021-07-22,3530.0,3730.0,0.05415722379603388,추세이탈,8742832190.0
214390,경보제약,2021-04-29,2021-04-30,2021-05-04,10383.0,9539.0,-0.08378671867475679,손절,15099553964.0
013520,화승코퍼레이션,2021-05-07,2021-05-10,2021-08-02,2225.0,3135.0,0.4064887640449439,기간만료,24836452480.0
009580,무림P&P,2021-05-10,2021-05-11,2021-05-26,5650.0,5198.0,-0.08249999999999996,손절,11903215500.0
035250,강원랜드,2021-05-25,2021-05-26,2021-07-08,27250.0,26350.0,-0.03552752293577982,추세이탈,100331121000.0
171090,선익시스템,2021-05-28,2021-05-31,2021-06-10,23600.0,21712.0,-0.08249999999999996,손절,172853662050.0
047820,초록뱀미디어,2021-05-28,2021-05-31,2021-06-25,38325.0,35850.0,-0.06707925636007833,추세이탈,1729442364975.0
040160,누리플렉스,2021-05-28,2021-05-31,2021-07-21,10550.0,9706.0,-0.08249999999999996,손절,140816020940.0
032350,롯데관광개발,2021-05-31,2021-06-01,2021-06-21,22200.0,20424.0,-0.08249999999999996,손절,45035844100.0
200880,서연이화,2021-06-01,2021-06-02,2021-06-10,10350.0,9522.0,-0.08249999999999996,손절,29255882950.0
016880,웅진,2021-06-02,2021-06-03,2021-06-07,3750.0,3450.0,-0.08249999999999996,손절,75506076295.0
000270,기아,2021-06-07,2021-06-08,2021-07-27,89800.0,86400.0,-0.04036191536748329,추세이탈,391420980000.0
036460,한국가스공사,2021-06-09,2021-06-10,2021-07-08,38650.0,35558.0,-0.08249999999999996,손절,57620772750.0
120110,코오롱인더,2021-06-16,2021-06-17,2021-08-20,67400.0,73400.0,0.08652077151335308,추세이탈,76542991000.0
178920,PI첨단소재,2021-06-18,2021-06-21,2021-09-13,50100.0,60500.0,0.2050848303393213,기간만료,13870674000.0
018880,한온시스템,2021-06-21,2021-06-22,2021-06-23,17382.0,15991.44,-0.08249999999999996,손절,42429494450.0
265520,AP시스템,2021-06-21,2021-06-22,2021-07-01,33800.0,31096.0,-0.08249999999999996,손절,69588947000.0
011080,형지I&C,2021-06-21,2021-06-22,2021-06-24,41996.0,39994.0,-0.0501712067815982,추세이탈,16924274802.0
069410,엔텔스,2021-06-22,2021-06-23,2021-08-20,8880.0,11450.0,0.2869144144144144,추세이탈,81999169340.0
089140,넥스턴앤롤코리아,2021-06-22,2021-06-23,2021-07-06,51519.0,47397.48,-0.08249999999999996,손절,115952657947.0
092040,아미코젠,2021-06-23,2021-06-24,2021-08-02,19559.0,18331.0,-0.0652843959302623,추세이탈,17143604745.0
011790,SKC,2021-06-23,2021-06-24,2021-08-25,144280.0,142400.0,-0.01553021901857504,추세이탈,146142510520.0
086900,메디톡스,2021-06-24,2021-06-25,2021-07-21,211003.0,194122.76,-0.08249999999999996,손절,90354280640.0
104040,디에스엠,2021-06-24,2021-06-25,2021-07-06,14575.0,14075.0,-0.036805317324185294,추세이탈,26037989725.0
064550,바이오니아,2021-06-25,2021-06-28,2021-09-23,20200.0,71000.0,2.512351485148515,기간만료,16039002000.0
043100,알파AI,2021-06-30,2021-07-01,2021-07-02,11224.0,10326.08,-0.08249999999999996,손절,41691860778.0
091580,상신이디피,2021-07-02,2021-07-05,2021-09-23,15050.0,16700.0,0.10713455149501655,추세이탈,11988614800.0
256840,한국비엔씨,2021-07-05,2021-07-06,2021-07-09,11917.0,10963.640000000001,-0.08249999999999985,손절,298984354840.0
189300,인텔리안테크,2021-07-05,2021-07-06,2021-07-08,66894.0,61542.48,-0.08249999999999996,손절,26336962870.0
035150,백산,2021-07-05,2021-07-06,2021-07-20,11200.0,10304.0,-0.08249999999999996,손절,26804534400.0
007210,벽산,2021-07-06,2021-07-07,2021-07-09,4990.0,4590.8,-0.08249999999999996,손절,84097348320.0
258790,소프트캠프,2021-07-06,2021-07-07,2021-07-07,23225.0,21367.0,-0.08249999999999996,손절,25655389200.0
067730,로지시스,2021-07-06,2021-07-07,2021-07-27,10050.0,9400.0,-0.06717661691542293,추세이탈,93752610900.0
025900,동화기업,2021-07-07,2021-07-08,2021-08-25,30759.0,29358.0,-0.04804764459182681,추세이탈,19499379200.0
225220,제놀루션,2021-07-07,2021-07-08,2021-07-22,9699.0,8923.08,-0.08249999999999996,손절,11832050671.0
205470,휴마시스,2021-07-08,2021-07-09,2021-07-16,29035.0,26712.2,-0.08249999999999996,손절,42777792330.0
299030,하나기술,2021-07-08,2021-07-09,2021-08-18,69400.0,63848.0,-0.08249999999999996,손절,25753700000.0
067010,이씨에스,2021-07-08,2021-07-09,2021-07-09,10700.0,9844.0,-0.08249999999999996,손절,304224956640.0
187420,HLB제넥스,2021-07-09,2021-07-12,2021-07-20,10000.0,9200.0,-0.08249999999999996,손절,15476402700.0
094480,갤럭시아머니트리,2021-07-09,2021-07-12,2021-07-29,7560.0,6970.0,-0.08054232804232803,추세이탈,19601365500.0
054180,메디콕스,2021-07-09,2021-07-12,2021-07-13,130515.0,120073.8,-0.08249999999999996,손절,5347578725190.0
082850,우리바이오,2021-07-09,2021-07-12,2021-07-14,31800.0,29256.0,-0.08249999999999996,손절,134238548200.0
091120,이엠텍,2021-07-14,2021-07-15,2021-10-06,21190.0,23436.0,0.10349339310995748,추세이탈,32100959502.0
089980,상아프론테크,2021-07-16,2021-07-19,2021-08-04,57200.0,52624.0,-0.08249999999999996,손절,38879389000.0
033290,로젠,2021-07-16,2021-07-19,2021-07-20,7059.0,6480.0,-0.08452294942626432,손절,50382638060.0
052600,한네트,2021-07-19,2021-07-20,2021-07-22,10550.0,10200.0,-0.03567535545023698,추세이탈,13131349900.0
112040,위메이드,2021-07-19,2021-07-20,2021-08-03,30562.0,28117.04,-0.08249999999999996,손절,40026040650.0
309930,조이웍스앤코,2021-07-21,2021-07-22,2021-07-30,7756.0,7135.52,-0.08249999999999996,손절,21781265044.0
047820,초록뱀미디어,2021-07-21,2021-07-22,2021-08-11,39900.0,37500.0,-0.06265037593984962,추세이탈,8907051743325.0
110790,크리스에프앤씨,2021-07-22,2021-07-23,2021-10-22,37500.0,42450.0,0.1294999999999999,기간만료,9588086900.0
036200,유니셈,2021-07-22,2021-07-23,2021-08-12,15250.0,14030.0,-0.08249999999999996,손절,24650496500.0
089030,테크윙,2021-07-23,2021-07-26,2021-08-12,14126.0,12995.92,-0.08249999999999996,손절,17410775284.0
054300,팬스타엔터프라이즈,2021-07-23,2021-07-26,2021-07-26,2220.0,2042.4,-0.08249999999999996,손절,35113244740.0
131290,티에스이,2021-07-23,2021-07-26,2021-08-27,73300.0,67436.0,-0.08249999999999996,손절,13198544600.0
027710,팜스토리,2021-07-27,2021-07-28,2021-07-28,2795.0,2571.4,-0.08249999999999996,손절,375833667120.0
063440,SM Life Design,2021-08-05,2021-08-06,2021-08-10,3385.0,3105.0,-0.08521787296898081,손절,83761371750.0
000490,대동,2021-08-06,2021-08-09,2021-08-13,14150.0,13018.0,-0.08249999999999996,손절,54574533400.0
014990,인디에프,2021-08-06,2021-08-09,2021-08-10,9100.0,8372.0,-0.08249999999999996,손절,40606135500.0
009270,신원,2021-08-06,2021-08-09,2021-08-11,2615.0,2290.0,-0.126782982791587,손절,311332346195.0
064480,브리지텍,2021-08-11,2021-08-12,2021-08-17,5950.0,5474.0,-0.08249999999999996,손절,121548322840.0
068240,다원시스,2021-08-11,2021-08-12,2021-09-09,20196.0,18580.32,-0.08249999999999996,손절,19088808050.0
067310,하나마이크론,2021-08-30,2021-08-31,2021-09-17,12155.0,11182.6,-0.08249999999999996,손절,67627937990.0
263750,펄어비스,2021-08-30,2021-08-31,2021-09-01,98000.0,90160.0,-0.08249999999999996,손절,1240277160000.0
041930,SY동아,2021-08-30,2021-08-31,2021-09-29,16500.0,15180.0,-0.08249999999999996,손절,46248621250.0
305090,마이크로디지탈,2021-09-01,2021-09-02,2021-09-27,15110.0,13901.2,-0.08249999999999996,손절,49270911489.0
128660,피제이메탈,2021-09-02,2021-09-03,2021-10-06,5140.0,4728.8,-0.08249999999999996,손절,83420515230.0
058470,리노공업,2021-11-22,2021-11-23,2022-01-06,41487.0,38168.04,-0.08249999999999996,손절,18953260816.0
074600,원익QnC,2021-11-22,2021-11-23,2021-11-29,29300.0,26400.0,-0.1014761092150171,손절,55190040750.0
114810,한솔아이원스,2021-11-24,2021-11-25,2022-01-21,11150.0,10258.0,-0.08249999999999996,손절,10947397200.0
138930,BNK금융지주,2021-12-28,2021-12-29,2021-12-30,8550.0,8380.0,-0.0223830409356725,추세이탈,35435424360.0
215090,솔디펜스,2021-12-29,2021-12-30,2022-01-05,10975.0,10097.0,-0.08249999999999996,손절,52583367350.0
101490,에스앤에스텍,2021-12-30,2022-01-03,2022-01-06,36950.0,33450.0,-0.09722259810554806,추세이탈,19609432000.0
053800,안랩,2022-01-03,2022-01-04,2022-01-17,103200.0,94944.0,-0.08249999999999996,손절,198103505600.0
078890,가온그룹,2022-01-04,2022-01-05,2022-01-05,17678.0,16263.76,-0.08249999999999996,손절,31643870640.0
067290,JW신약,2022-04-06,2022-04-07,2022-04-12,4356.0,4007.52,-0.08249999999999996,손절,164714683041.0
201490,미투온,2022-04-07,2022-04-08,2022-04-25,6460.0,5850.0,-0.09692724458204333,손절,10091715150.0
046440,KG파이낸셜,2022-04-07,2022-04-08,2022-04-18,9960.0,9163.2,-0.08249999999999996,손절,208069800000.0
048870,시너지이노베이션,2022-04-08,2022-04-11,2022-05-09,4250.0,3910.0,-0.08249999999999996,손절,117381096000.0
193250,링크드,2022-04-08,2022-04-11,2022-04-12,17400.0,16008.0,-0.08249999999999996,손절,33754122500.0
373200,엑스플러스,2022-04-08,2022-04-11,2022-06-21,5185.0,10055.0,0.9367478302796528,추세이탈,64129032700.0
039610,화성밸브,2022-08-16,2022-08-17,2022-09-21,6960.0,6403.200000000001,-0.08249999999999985,손절,25044163220.0
066970,엘앤에프,2022-08-17,2022-08-18,2022-08-22,256300.0,235796.0,-0.08249999999999996,손절,347392057500.0
117580,대성에너지,2022-08-18,2022-08-19,2022-08-31,15050.0,13846.0,-0.08249999999999996,손절,69495254400.0
054210,이랜텍,2022-08-18,2022-08-19,2022-08-22,17700.0,17350.0,-0.02227401129943501,추세이탈,15614462100.0
005010,휴스틸,2022-08-19,2022-08-22,2022-09-19,5834.0,5367.280000000001,-0.08249999999999985,손절,20865453948.0
271560,오리온,2022-11-16,2022-11-17,2023-02-13,108500.0,121700.0,0.11915898617511517,기간만료,21878100000.0
000670,영풍,2022-11-16,2022-11-17,2022-11-21,80944.0,74468.48000000001,-0.08249999999999985,손절,24951311776.0
298040,효성중공업,2022-11-21,2022-11-22,2023-01-05,76700.0,70564.0,-0.08249999999999996,손절,15257088000.0
006220,제주은행,2022-11-29,2022-11-30,2022-12-13,10100.0,9292.0,-0.08249999999999996,손절,122947146520.0
274090,켄코아에어로스페이스,2023-02-02,2023-02-03,2023-03-13,16000.0,14720.0,-0.08249999999999996,손절,19844973800.0
086520,에코프로,2023-02-06,2023-02-07,2023-05-03,28881.0,131260.0,3.5423564800387797,기간만료,197429962650.0
005070,코스모신소재,2023-02-06,2023-02-07,2023-05-03,65492.0,175537.0,1.6777815611067002,기간만료,44578718723.0
121600,나노신소재,2023-02-07,2023-02-08,2023-05-04,95000.0,146200.0,0.5364473684210527,기간만료,31038406100.0
005420,코스모화학,2023-02-07,2023-02-08,2023-05-04,25238.0,56676.0,1.243161304382281,기간만료,43142853690.0
078600,대주전자재료,2023-02-07,2023-02-08,2023-03-17,92900.0,85468.0,-0.08249999999999996,손절,31218885000.0
025770,한국정보통신,2023-02-08,2023-02-09,2023-02-13,16360.0,15051.2,-0.08249999999999996,손절,90085358100.0
063440,SM Life Design,2023-02-10,2023-02-13,2023-02-13,3530.0,3247.6000000000004,-0.08249999999999985,손절,314212510800.0
067160,SOOP,2023-02-10,2023-02-13,2023-02-27,93500.0,86020.0,-0.08249999999999996,손절,42996068500.0
064550,바이오니아,2023-02-15,2023-02-16,2023-02-21,52000.0,47840.0,-0.08249999999999996,손절,220921853100.0
041440,현대에버다임,2023-02-15,2023-02-16,2023-03-07,8850.0,8240.0,-0.07142655367231637,추세이탈,27894155700.0
365340,성일하이텍,2023-02-16,2023-02-17,2023-04-21,138200.0,140000.0,0.010524602026049159,추세이탈,182544211200.0
214150,클래시스,2023-02-16,2023-02-17,2023-05-16,20100.0,24700.0,0.2263557213930349,기간만료,21785168300.0
095500,미래나노텍,2023-02-17,2023-02-20,2023-02-22,22500.0,20700.0,-0.08249999999999996,손절,443390067900.0
015750,성우하이텍,2023-02-17,2023-02-20,2023-03-14,7010.0,6449.200000000001,-0.08249999999999985,손절,218457146160.0
036120,서울평가정보,2023-02-22,2023-02-23,2023-04-12,4165.0,4120.0,-0.013304321728691502,추세이탈,34992022310.0
270520,앱튼,2023-03-07,2023-03-08,2023-03-09,22010.0,20249.2,-0.08249999999999996,손절,312748266900.0
178320,서진시스템,2023-03-08,2023-03-09,2023-03-14,19500.0,17940.0,-0.08249999999999996,손절,17056848600.0
101670,하이드로리튬,2023-03-09,2023-03-10,2023-03-14,26150.0,24058.0,-0.08249999999999996,손절,140590708050.0
290670,대보마그네틱,2023-03-22,2023-03-23,2023-03-24,88300.0,81236.0,-0.08249999999999996,손절,338090217300.0
076080,웰크론한텍,2023-03-23,2023-03-24,2023-04-25,5540.0,5096.8,-0.08249999999999996,손절,45570176340.0
018470,조일알미늄,2023-03-23,2023-03-24,2023-05-04,16175.0,14881.0,-0.08249999999999996,손절,348594095850.0
073570,리튬포어스,2023-03-27,2023-03-28,2023-05-09,107530.0,98927.6,-0.08249999999999996,손절,260844478467.0
029480,광무,2023-03-28,2023-03-29,2023-04-12,5090.0,4682.8,-0.08249999999999996,손절,59422919220.0
036930,주성엔지니어링,2023-03-28,2023-03-29,2023-04-06,16130.0,14839.6,-0.08249999999999996,손절,153601706600.0
033640,네패스,2023-03-29,2023-03-30,2023-04-07,23300.0,21436.0,-0.08249999999999996,손절,50956039200.0
255440,야스,2023-03-30,2023-03-31,2023-04-03,12400.0,11408.0,-0.08249999999999996,손절,23894100950.0
131970,두산테스나,2023-03-30,2023-03-31,2023-04-17,40650.0,37398.0,-0.08249999999999996,손절,44215926150.0
290520,신도기연,2023-03-31,2023-04-03,2023-04-11,8010.0,7369.200000000001,-0.08249999999999996,손절,111035067300.0
023440,제이스코홀딩스,2023-04-05,2023-04-06,2023-04-06,4290.0,3946.8,-0.08249999999999996,손절,27629824200.0
196170,알테오젠,2023-04-06,2023-04-07,2023-04-21,38126.0,35075.92,-0.08250000000000007,손절,105825815256.0
900250,크리스탈신소재,2023-04-07,2023-04-10,2023-07-06,5514.0,15429.0,1.7956501632208925,기간만료,75739695775.0
278280,천보,2023-04-07,2023-04-10,2023-04-13,278500.0,256220.0,-0.08249999999999996,손절,146113354000.0
081150,티플랙스,2023-04-10,2023-04-11,2023-05-16,4340.0,3992.8,-0.08249999999999996,손절,14384072025.0
214450,파마리서치,2023-04-11,2023-04-12,2023-07-10,88400.0,125200.0,0.41378959276018107,기간만료,19790767200.0
285490,노바텍,2023-04-11,2023-04-12,2023-04-21,33300.0,30636.0,-0.08249999999999996,손절,51708539700.0
381970,KG모빌리티플랫폼,2023-04-11,2023-04-12,2023-04-21,15770.0,14508.400000000001,-0.08249999999999996,손절,27732703650.0
039200,오스코텍,2023-04-12,2023-04-13,2023-04-14,25650.0,23598.0,-0.08249999999999996,손절,16856216300.0
235980,메드팩토,2023-04-12,2023-04-13,2023-04-20,23160.0,21307.2,-0.08249999999999996,손절,26077190732.0
068270,셀트리온,2023-04-13,2023-04-14,2023-04-25,156871.0,144321.32,-0.08249999999999996,손절,198566778920.0
376300,디어유,2023-04-13,2023-04-14,2023-04-17,52800.0,48500.0,-0.08393939393939392,손절,46067814400.0
073640,테라사이언스,2023-04-13,2023-04-14,2023-04-27,3735.0,3436.2000000000003,-0.08249999999999996,손절,35068289175.0
000100,유한양행,2023-04-14,2023-04-17,2023-06-30,55510.0,55031.0,-0.011129075842190637,추세이탈,21873166641.0
010470,오리콤,2023-04-17,2023-04-18,2023-04-24,19090.0,17562.8,-0.08250000000000007,손절,13113688500.0
064350,현대로템,2023-04-17,2023-04-18,2023-07-14,28200.0,34750.0,0.22976950354609932,기간만료,85138492700.0
267260,HD현대일렉트릭,2023-04-17,2023-04-18,2023-05-19,49950.0,45954.0,-0.08249999999999996,손절,34096150000.0
302440,SK바이오사이언스,2023-04-17,2023-04-18,2023-04-25,78600.0,73200.0,-0.07120229007633588,추세이탈,65509405800.0
047050,포스코인터내셔널,2023-04-18,2023-04-19,2023-04-21,31150.0,28658.0,-0.08249999999999996,손절,616093717000.0
109820,진매트릭스,2023-04-18,2023-04-19,2023-04-19,6670.0,6136.400000000001,-0.08249999999999996,손절,96387415280.0
004020,현대제철,2023-04-18,2023-04-19,2023-05-15,37350.0,34650.0,-0.07478915662650604,추세이탈,36464216800.0
950200,소마젠,2023-04-18,2023-04-19,2023-04-20,8110.0,7461.200000000001,-0.08249999999999996,손절,36764188380.0
192820,코스맥스,2023-04-19,2023-04-20,2023-04-21,86200.0,79304.0,-0.08249999999999996,손절,30575531800.0
001790,대한제당,2023-04-20,2023-04-21,2023-06-28,3200.0,3270.0,0.01937500000000009,추세이탈,38209993560.0
007660,이수페타시스,2023-05-19,2023-05-22,2023-08-16,10075.0,29175.0,1.8932816377171218,기간만료,101478679800.0
046890,서울반도체,2023-05-22,2023-05-23,2023-07-24,12520.0,12010.0,-0.043234824281150164,추세이탈,66656645190.0
361570,알비더블유,2023-05-23,2023-05-24,2023-05-25,5552.0,5105.0,-0.08301152737752165,손절,24497089214.0
009900,명신산업,2023-05-24,2023-05-25,2023-07-20,22550.0,21550.0,-0.04684589800443456,추세이탈,44193262800.0
001470,삼부토건,2023-05-25,2023-05-26,2023-05-26,36647.0,33715.24,-0.08250000000000007,손절,146906528976.0
081660,미스토홀딩스,2023-05-30,2023-05-31,2023-06-01,36800.0,36400.0,-0.013369565217391353,추세이탈,12494308000.0
066570,LG전자,2023-05-31,2023-06-01,2023-07-26,122300.0,118400.0,-0.03438879803761247,추세이탈,242673184800.0
000150,두산,2023-06-09,2023-06-12,2023-06-15,105500.0,97060.0,-0.08249999999999996,손절,14332487700.0
041020,폴라리스오피스,2023-06-12,2023-06-13,2023-07-10,2965.0,2727.8,-0.08249999999999996,손절,75154086160.0
128660,피제이메탈,2023-06-12,2023-06-13,2023-07-24,4760.0,4379.2,-0.08250000000000007,손절,9232252000.0
018000,유니슨,2023-06-12,2023-06-13,2023-07-06,1869.0,1719.48,-0.08249999999999996,손절,68376255816.0
396270,넥스트칩,2023-06-12,2023-06-13,2023-07-26,11244.0,10344.48,-0.08250000000000007,손절,28487591181.0
247540,에코프로비엠,2023-06-14,2023-06-15,2023-06-28,253938.0,251478.0,-0.012187404012002965,추세이탈,586403845606.0
007540,샘표,2023-06-14,2023-06-15,2023-06-29,68500.0,63020.0,-0.08249999999999996,손절,85300834400.0
213420,덕산네오룩스,2023-06-14,2023-06-15,2023-06-16,43800.0,44500.0,0.013481735159817267,추세이탈,11024591400.0
323280,태성,2023-06-15,2023-06-16,2023-07-10,2385.0,2194.2000000000003,-0.08249999999999985,손절,72519373710.0
093640,케이알엠,2023-06-15,2023-06-16,2023-06-20,10100.0,9292.0,-0.08249999999999996,손절,26823930000.0
189330,씨이랩,2023-06-15,2023-06-16,2023-06-20,16545.0,15620.0,-0.058408129344212745,추세이탈,13280228028.0
154040,다산솔루에타,2023-06-16,2023-06-19,2023-06-19,32150.0,29578.0,-0.08249999999999996,손절,86000593000.0
046120,오르비텍,2023-06-19,2023-06-20,2023-06-22,5500.0,5060.0,-0.08249999999999996,손절,56534140920.0
376180,피코그램,2023-06-19,2023-06-20,2023-06-21,10510.0,9669.2,-0.08249999999999996,손절,53292217440.0
357550,석경에이티,2023-06-20,2023-06-21,2023-06-28,65100.0,59892.0,-0.08249999999999996,손절,59763266700.0
001230,동국홀딩스,2023-06-20,2023-06-21,2023-06-22,3931.0,3616.52,-0.08249999999999996,손절,333537770280.0
178320,서진시스템,2023-06-21,2023-06-22,2023-06-30,20500.0,18860.0,-0.08249999999999996,손절,27037767750.0
299030,하나기술,2023-06-22,2023-06-23,2023-09-14,76100.0,115700.0,0.5178679369250987,추세이탈,43103040000.0
027580,상보,2023-06-23,2023-06-26,2023-06-29,11750.0,10810.0,-0.08249999999999996,손절,424487321500.0
099430,바이오플러스,2023-06-23,2023-06-26,2023-07-07,7440.0,6844.8,-0.08249999999999996,손절,28649542800.0
053080,케이엔솔,2023-07-03,2023-07-04,2023-09-26,12460.0,24700.0,0.9798434991974319,기간만료,92981717680.0
049950,미래컴퍼니,2023-07-03,2023-07-04,2023-07-07,38800.0,35696.0,-0.08249999999999996,손절,30957384750.0
059090,미코,2023-07-04,2023-07-05,2023-07-07,11700.0,10764.0,-0.08249999999999996,손절,14248075520.0
078600,대주전자재료,2023-07-05,2023-07-06,2023-07-10,104200.0,98600.0,-0.056242802303263006,추세이탈,60255509800.0
015750,성우하이텍,2023-07-05,2023-07-06,2023-08-09,10980.0,11030.0,0.0020537340619308253,추세이탈,72867198410.0
327260,RF머트리얼즈,2023-07-05,2023-07-06,2023-07-06,7412.0,6819.04,-0.08249999999999996,손절,126586024495.0
237820,플레이디,2023-07-12,2023-07-13,2023-07-18,7230.0,6651.6,-0.08249999999999996,손절,35645761620.0
079810,APS이노베이션,2023-07-13,2023-07-14,2023-09-22,22112.0,27500.0,0.24116859623733727,추세이탈,76511578428.0
033640,네패스,2023-07-14,2023-07-17,2023-07-25,22200.0,20424.0,-0.08249999999999996,손절,21319296250.0
025560,미래산업,2023-07-17,2023-07-18,2023-07-19,13569.0,12483.480000000001,-0.08249999999999985,손절,13388320775.0
370090,퓨런티어,2023-07-18,2023-07-19,2023-08-07,32500.0,29900.0,-0.08249999999999996,손절,62815302000.0
058970,엠로,2023-07-18,2023-07-19,2023-07-20,90500.0,83260.0,-0.08249999999999996,손절,141457620000.0
095500,미래나노텍,2023-07-19,2023-07-20,2023-07-27,25000.0,23000.0,-0.08249999999999996,손절,51776905400.0
310210,보로노이,2023-07-20,2023-07-21,2023-09-22,46017.0,50900.0,0.10361295825455813,추세이탈,19620563624.0
000100,유한양행,2023-07-21,2023-07-24,2023-10-18,64793.0,59609.560000000005,-0.08249999999999996,손절,200824184440.0
383310,에코프로에이치엔,2023-07-21,2023-07-24,2023-07-26,87517.0,80515.64,-0.08249999999999996,손절,517060774500.0
065350,신성델타테크,2023-07-24,2023-07-25,2023-07-26,13540.0,12456.800000000001,-0.08249999999999996,손절,19684196050.0
389470,인벤티지랩,2023-07-24,2023-07-25,2023-07-26,15500.0,14260.0,-0.08249999999999996,손절,65531925000.0
272290,이녹스첨단소재,2023-07-26,2023-07-27,2023-08-10,43550.0,40066.0,-0.08249999999999996,손절,60574923150.0
121600,나노신소재,2023-07-26,2023-07-27,2023-07-27,165400.0,152168.0,-0.08249999999999996,손절,533573655000.0
005160,동국산업,2023-07-26,2023-07-27,2023-07-28,6260.0,5940.0,-0.05361821086261981,추세이탈,13270539300.0
091580,상신이디피,2023-07-26,2023-07-27,2023-07-28,19700.0,18500.0,-0.06341370558375631,추세이탈,19382499960.0
382840,원준,2023-07-26,2023-07-27,2023-07-27,26500.0,24380.0,-0.08249999999999996,손절,187386225600.0
348370,엔켐,2023-07-26,2023-07-27,2023-07-28,69400.0,66600.0,-0.04284582132564846,추세이탈,137507775300.0
229640,LS에코에너지,2023-07-27,2023-07-28,2023-07-28,9550.0,8786.0,-0.08249999999999996,손절,250106115960.0
294630,서남,2023-08-01,2023-08-02,2023-08-09,8450.0,7730.0,-0.08770710059171599,손절,234791589500.0
108860,셀바스AI,2023-08-02,2023-08-03,2023-08-03,25550.0,23506.0,-0.08249999999999996,손절,267939235000.0
208370,셀바스헬스케어,2023-08-02,2023-08-03,2023-08-16,10040.0,9236.800000000001,-0.08249999999999985,손절,279731790460.0
047310,파워로직스,2023-08-03,2023-08-04,2023-08-04,9320.0,8574.4,-0.08250000000000007,손절,566024652560.0
009420,한올바이오파마,2023-08-03,2023-08-04,2023-08-08,25300.0,23276.0,-0.08249999999999996,손절,25263810000.0
004020,현대제철,2023-08-03,2023-08-04,2023-08-16,36700.0,33764.0,-0.08249999999999996,손절,36713359800.0
277810,레인보우로보틱스,2023-08-04,2023-08-07,2023-08-16,134000.0,123280.0,-0.08249999999999996,손절,668478832000.0
348350,위드텍,2023-08-28,2023-08-29,2023-08-30,17960.0,16523.2,-0.08249999999999996,손절,85088595560.0
900340,윙입푸드,2023-08-29,2023-08-30,2023-08-30,5107.0,4698.4400000000005,-0.08249999999999985,손절,12629529315.0
360070,탑머티리얼,2023-08-30,2023-08-31,2023-09-07,76800.0,70656.0,-0.08249999999999996,손절,10957477500.0
126700,하이비젼시스템,2023-08-31,2023-09-01,2023-09-11,21250.0,19950.0,-0.06367647058823528,추세이탈,8786931600.0
058610,에스피지,2023-09-01,2023-09-04,2023-10-11,33050.0,32300.0,-0.0251928895612708,추세이탈,52287013900.0
084370,유진테크,2023-09-01,2023-09-04,2023-09-08,39150.0,36018.0,-0.08249999999999996,손절,54517515000.0
377480,마음AI,2023-09-01,2023-09-04,2023-09-13,35050.0,32246.0,-0.08249999999999996,손절,133338924600.0
419050,삼기에너지솔루션즈,2023-09-01,2023-09-04,2023-09-04,5950.0,5474.0,-0.08249999999999996,손절,62799557040.0
396270,넥스트칩,2023-09-05,2023-09-06,2023-09-12,16683.0,15348.36,-0.08249999999999996,손절,60872915502.0
251630,브이원텍,2023-09-05,2023-09-06,2023-09-11,16720.0,15382.400000000001,-0.08249999999999996,손절,38192146800.0
054450,텔레칩스,2023-09-05,2023-09-06,2023-09-21,25700.0,23644.0,-0.08249999999999996,손절,160517641200.0
067310,하나마이크론,2023-09-06,2023-09-07,2023-09-13,25515.0,23473.8,-0.08250000000000007,손절,167009304694.0
008830,대동기어,2023-09-07,2023-09-08,2023-10-05,6459.0,5942.280000000001,-0.08249999999999985,손절,52287828951.0
264850,이랜시스,2023-09-08,2023-09-11,2023-09-12,3670.0,3376.4,-0.08249999999999996,손절,74476495000.0
094940,푸른로보틱스,2023-09-11,2023-09-12,2023-09-13,9750.0,8970.0,-0.08249999999999996,손절,28883632440.0
323990,박셀바이오,2023-09-11,2023-09-12,2023-09-13,34567.0,31801.640000000003,-0.08249999999999996,손절,124814636804.0
329180,HD현대중공업,2023-12-04,2023-12-05,2023-12-08,133500.0,122820.0,-0.08249999999999996,손절,25279503000.0
004100,태양금속,2023-12-05,2023-12-06,2023-12-22,3760.0,3550.0,-0.05835106382978722,추세이탈,49192929520.0
010130,고려아연,2023-12-08,2023-12-11,2023-12-12,498500.0,487500.0,-0.0245661985957874,추세이탈,58679432000.0
003850,보령,2023-12-12,2023-12-13,2024-03-13,11070.0,13190.0,0.1890085817524842,기간만료,108728154480.0
323280,태성,2023-12-13,2023-12-14,2023-12-15,4095.0,3767.4,-0.08249999999999996,손절,196479200412.0
138610,나이벡,2023-12-13,2023-12-14,2023-12-15,22500.0,20700.0,-0.08249999999999996,손절,38908758750.0
222800,심텍,2023-12-13,2023-12-14,2023-12-20,38900.0,36950.0,-0.05262853470437018,추세이탈,48634268550.0
011810,STX,2023-12-14,2023-12-15,2023-12-18,14500.0,14210.0,-0.022500000000000017,추세이탈,168667582020.0
000810,삼성화재,2023-12-15,2023-12-18,2023-12-19,257500.0,253000.0,-0.01997572815533982,추세이탈,35956960000.0
115610,이미지스,2023-12-19,2023-12-20,2024-03-11,6388.0,7677.0,0.1992845961177207,추세이탈,17844882132.0
310210,보로노이,2023-12-21,2023-12-22,2024-01-19,44650.0,41078.0,-0.08249999999999996,손절,13508308000.0
228760,지노믹트리,2023-12-26,2023-12-27,2024-01-24,20300.0,18676.0,-0.08249999999999996,손절,24826173300.0
022100,포스코DX,2023-12-26,2023-12-27,2024-01-03,72600.0,66792.0,-0.08249999999999996,손절,1087810915800.0
000250,삼천당제약,2023-12-26,2023-12-27,2024-01-25,73500.0,69800.0,-0.05284013605442178,추세이탈,46180120900.0
092870,엑시콘,2023-12-28,2024-01-02,2024-01-10,19708.0,18131.36,-0.08249999999999996,손절,71111897991.0
211270,AP위성,2024-01-03,2024-01-04,2024-01-17,18090.0,16642.8,-0.08250000000000007,손절,202889707160.0
009520,포스코엠텍,2024-01-05,2024-01-08,2024-01-17,29650.0,27100.0,-0.08850337268128167,손절,219695120550.0
065350,신성델타테크,2024-01-08,2024-01-09,2024-01-10,69100.0,63572.0,-0.08249999999999996,손절,680916810000.0
041020,폴라리스오피스,2024-01-09,2024-01-10,2024-02-06,6500.0,5980.0,-0.08249999999999996,손절,94067039340.0
205100,엑셈,2024-01-09,2024-01-10,2024-01-17,2770.0,2548.4,-0.08249999999999996,손절,129944232300.0
047310,파워로직스,2024-01-10,2024-01-11,2024-01-16,8840.0,8132.8,-0.08249999999999996,손절,74668068950.0
036090,위지트,2024-01-11,2024-01-12,2024-01-15,2737.0,2356.0,-0.14170350748995247,손절,84390011619.0
038870,에코심플렉스,2024-01-11,2024-01-12,2024-01-17,7280.0,6697.6,-0.08249999999999996,손절,34400226000.0
051600,한전KPS,2024-02-19,2024-02-20,2024-04-03,38500.0,35600.0,-0.07782467532467535,추세이탈,35406913250.0
011780,금호석유화학,2024-02-19,2024-02-20,2024-02-22,161000.0,148120.0,-0.08249999999999996,손절,54780315500.0
035250,강원랜드,2024-02-19,2024-02-20,2024-03-13,18060.0,16615.2,-0.08249999999999996,손절,52101856700.0
008730,율촌화학,2024-02-19,2024-02-20,2024-02-28,44450.0,40894.0,-0.08249999999999996,손절,17160268000.0
002710,TCC스틸,2024-02-20,2024-02-21,2024-02-28,79300.0,72956.0,-0.08249999999999996,손절,113638150800.0
004830,덕성,2024-02-21,2024-02-22,2024-02-26,10360.0,9531.2,-0.08249999999999996,손절,208518939090.0
005070,코스모신소재,2024-02-21,2024-02-22,2024-02-28,184500.0,169740.0,-0.08249999999999996,손절,105202269000.0
298040,효성중공업,2024-03-04,2024-03-05,2024-05-31,228000.0,442000.0,0.9360964912280703,기간만료,54382337500.0
222080,SFA넥셀,2024-03-05,2024-03-06,2024-04-05,12930.0,11895.6,-0.08249999999999996,손절,186979350300.0
204270,제이앤티씨,2024-03-06,2024-03-07,2024-03-12,14400.0,13248.0,-0.08249999999999996,손절,38550424000.0
141080,리가켐바이오,2024-03-06,2024-03-07,2024-03-15,75000.0,69000.0,-0.08249999999999996,손절,1027572914400.0
298380,에이비엘바이오,2024-03-08,2024-03-11,2024-03-13,28700.0,26404.0,-0.08249999999999996,손절,64097925850.0
425420,티에프이,2024-03-08,2024-03-11,2024-04-03,38050.0,35006.0,-0.08249999999999996,손절,25220565300.0
128940,한미약품,2024-03-08,2024-03-11,2024-03-15,341000.0,335000.0,-0.020095307917888546,추세이탈,20683618000.0
103590,일진전기,2024-03-11,2024-03-12,2024-06-10,13220.0,25300.0,0.911267019667171,기간만료,23769322290.0
058470,리노공업,2024-03-11,2024-03-12,2024-06-10,47855.0,54963.0,0.14603202382196206,기간만료,272027026816.0
027830,대성창투,2024-03-11,2024-03-12,2024-04-02,2035.0,1872.2,-0.08249999999999996,손절,15696562665.0
036200,유니셈,2024-03-12,2024-03-13,2024-03-15,9510.0,8749.2,-0.08249999999999996,손절,68692550580.0
060720,KH바텍,2024-03-13,2024-03-14,2024-04-16,14980.0,13781.6,-0.08249999999999996,손절,9584976690.0
171090,선익시스템,2024-03-15,2024-03-18,2024-03-20,42700.0,39284.0,-0.08249999999999996,손절,56005964000.0
032800,판타지오,2024-03-18,2024-03-19,2024-03-19,11909.0,10956.28,-0.08249999999999996,손절,33040716451.0
101730,위메이드맥스,2024-03-20,2024-03-21,2024-03-22,14650.0,13478.0,-0.08249999999999996,손절,11152550100.0
092040,아미코젠,2024-03-22,2024-03-25,2024-03-28,8600.0,7912.0,-0.08249999999999996,손절,50582039040.0
067310,하나마이크론,2024-03-27,2024-03-28,2024-04-22,24277.0,22779.0,-0.06420449396548172,추세이탈,442806724425.0
003230,삼양식품,2024-03-28,2024-03-29,2024-06-27,213000.0,662000.0,2.105481220657277,기간만료,22339500000.0
007390,네이처셀,2024-03-28,2024-03-29,2024-03-29,9840.0,9052.800000000001,-0.08249999999999985,손절,21953787840.0
064760,티씨케이,2024-03-29,2024-04-01,2024-04-22,131500.0,120980.0,-0.08249999999999996,손절,27200267200.0
211270,AP위성,2024-03-29,2024-04-01,2024-04-08,18010.0,16569.2,-0.08249999999999996,손절,31940435360.0
166090,하나머티리얼즈,2024-03-29,2024-04-01,2024-05-14,55200.0,50784.0,-0.08249999999999996,손절,16537911300.0
005860,한일사료,2024-03-29,2024-04-01,2024-05-31,4885.0,5030.0,0.027182702149437025,추세이탈,69567634105.0
229640,LS에코에너지,2024-04-29,2024-04-30,2024-07-08,28700.0,29700.0,0.032343205574912826,추세이탈,174181150800.0
012320,경동인베스트,2024-05-21,2024-05-22,2024-05-23,82900.0,76268.0,-0.08249999999999996,손절,17036995800.0
001450,현대해상,2024-05-22,2024-05-23,2024-06-18,32500.0,31600.0,-0.03019230769230768,추세이탈,28054842800.0
033240,자화전자,2024-05-23,2024-05-24,2024-05-27,26200.0,25800.0,-0.017767175572519108,추세이탈,9334810500.0
088980,맥쿼리인프라,2024-05-27,2024-05-28,2024-05-29,12657.0,12637.0,-0.004080153274867713,추세이탈,19029542120.0
051600,한전KPS,2024-05-28,2024-05-29,2024-06-05,38450.0,35650.0,-0.07532184655396618,추세이탈,9047897400.0
011790,SKC,2024-05-28,2024-05-29,2024-05-30,136478.0,125559.76000000001,-0.08249999999999996,손절,159837062031.0
010690,화신,2024-06-14,2024-06-17,2024-07-05,13500.0,12420.0,-0.08249999999999996,손절,26915236200.0
047050,포스코인터내셔널,2024-06-14,2024-06-17,2024-06-19,69400.0,63848.0,-0.08249999999999996,손절,785092312900.0
005070,코스모신소재,2024-06-14,2024-06-17,2024-06-21,162000.0,148500.0,-0.08583333333333337,추세이탈,115091928000.0
272210,한화시스템,2024-06-18,2024-06-19,2024-06-20,21400.0,19688.0,-0.08249999999999996,손절,441515925200.0
079550,LIG디펜스앤에어로스페이스,2024-06-18,2024-06-19,2024-08-05,203000.0,186760.0,-0.08249999999999996,손절,100372706000.0
378850,화승알앤에이,2024-06-19,2024-06-20,2024-06-24,5020.0,4605.0,-0.08516932270916339,손절,12043650000.0
001250,GS글로벌,2024-06-24,2024-06-25,2024-07-01,4040.0,3716.8,-0.08249999999999996,손절,584589116650.0
336370,솔루스첨단소재,2024-07-02,2024-07-03,2024-07-10,20750.0,19090.0,-0.08249999999999996,손절,128897216400.0
024110,기업은행,2024-07-03,2024-07-04,2024-08-05,14140.0,13520.0,-0.04634724186704381,추세이탈,32740110850.0
138930,BNK금융지주,2024-07-04,2024-07-05,2024-09-26,8800.0,9080.0,0.029318181818181747,추세이탈,10195916550.0
009150,삼성전기,2024-07-05,2024-07-08,2024-07-26,170500.0,156860.0,-0.08249999999999996,손절,299917172500.0
298040,효성중공업,2024-07-11,2024-07-12,2024-07-18,378500.0,348220.0,-0.08249999999999996,손절,124472211500.0
006360,GS건설,2024-07-15,2024-07-16,2024-09-24,17260.0,18250.0,0.054858053302433374,추세이탈,47491891080.0
163560,동일고무벨트,2024-07-16,2024-07-17,2024-07-18,9420.0,8666.4,-0.08250000000000007,손절,46624158120.0
010140,삼성중공업,2024-07-16,2024-07-17,2024-08-30,10350.0,10260.0,-0.011195652173912994,추세이탈,120656370280.0
003220,대원제약,2024-07-17,2024-07-18,2024-07-19,17760.0,16339.2,-0.08249999999999996,손절,355069468080.0
363260,모비데이즈,2025-01-20,2025-01-21,2025-02-03,12225.0,11247.0,-0.08249999999999996,손절,80154176850.0
041440,현대에버다임,2025-01-22,2025-01-23,2025-01-31,9620.0,8850.4,-0.08250000000000007,손절,25356569000.0
323280,태성,2025-01-23,2025-01-24,2025-01-31,33200.0,30544.0,-0.08249999999999996,손절,82834927000.0
091810,트리니티항공,2025-01-24,2025-01-31,2025-02-03,19645.0,17955.0,-0.08852697887503186,손절,124263705150.0
034020,두산에너빌리티,2025-01-24,2025-01-31,2025-04-01,23500.0,23700.0,0.006010638297872352,추세이탈,383344271700.0
070960,모나용평,2025-01-24,2025-01-31,2025-02-03,4200.0,3860.0,-0.083452380952381,손절,71340246500.0
298380,에이비엘바이오,2025-01-24,2025-01-31,2025-03-25,35650.0,35700.0,-0.0010974754558204492,추세이탈,86110325800.0
032580,피델릭스,2025-02-05,2025-02-06,2025-02-19,1485.0,1366.2,-0.08249999999999996,손절,18695486381.0
900290,GRT,2025-02-06,2025-02-07,2025-02-07,4465.0,4107.8,-0.08249999999999996,손절,21129167550.0
310210,보로노이,2025-02-10,2025-02-11,2025-02-12,117800.0,108376.0,-0.08249999999999996,손절,65471597100.0
375500,DL이앤씨,2025-02-10,2025-02-11,2025-04-09,36900.0,37450.0,0.012405149051490429,추세이탈,12537642250.0
358570,지아이이노베이션,2025-02-10,2025-02-11,2025-04-08,12273.0,11880.0,-0.034521510633097,추세이탈,37455693735.0
376300,디어유,2025-02-13,2025-02-14,2025-02-14,43150.0,39698.0,-0.08249999999999996,손절,26875459700.0
226950,올릭스,2025-02-14,2025-02-17,2025-03-21,43500.0,39550.0,-0.09330459770114946,손절,63336250400.0
041020,폴라리스오피스,2025-02-18,2025-02-19,2025-02-28,6740.0,6200.8,-0.08249999999999996,손절,143450049960.0
105550,엣지파운드리,2025-02-18,2025-02-19,2025-02-20,23350.0,21482.0,-0.08249999999999996,손절,65585732550.0
112040,위메이드,2025-02-19,2025-02-20,2025-02-21,42150.0,38778.0,-0.08249999999999996,손절,18501084000.0
037270,YG PLUS,2025-02-21,2025-02-24,2025-04-09,5120.0,4710.400000000001,-0.08249999999999985,손절,103130788800.0
015760,한국전력,2025-02-26,2025-02-27,2025-02-28,23350.0,21482.0,-0.08249999999999996,손절,63626320500.0
047810,한국항공우주,2025-02-27,2025-02-28,2025-05-28,64200.0,84000.0,0.30591121495327095,기간만료,311830236900.0
278470,에이피알,2025-02-27,2025-02-28,2025-05-28,59100.0,115300.0,0.9484306260575297,기간만료,249084510100.0
077970,STX엔진,2025-05-20,2025-05-21,2025-05-28,25300.0,23276.0,-0.08249999999999996,손절,24998058900.0
352480,씨앤씨인터내셔널,2025-05-26,2025-05-27,2025-06-02,38000.0,36650.0,-0.03802631578947374,추세이탈,23834317000.0
084650,랩지노믹스,2025-05-26,2025-05-27,2025-05-28,14350.0,13202.0,-0.08249999999999996,손절,49702129050.0
014620,성광벤드,2025-05-27,2025-05-28,2025-05-30,28550.0,26400.0,-0.07780647985989492,추세이탈,15199320600.0
377300,카카오페이,2025-05-27,2025-05-28,2025-08-22,35400.0,61800.0,0.7432627118644068,추세이탈,49942171400.0
014680,한솔케미칼,2025-05-30,2025-06-02,2025-08-27,131800.0,173900.0,0.3169233687405159,기간만료,15862777000.0
071090,하이스틸,2025-06-04,2025-06-05,2025-06-09,4640.0,4268.8,-0.08249999999999996,손절,20325176040.0
058470,리노공업,2025-06-05,2025-06-09,2025-08-04,48800.0,45100.0,-0.07831967213114749,추세이탈,50954674950.0
014620,성광벤드,2025-06-05,2025-06-09,2025-06-23,34450.0,31400.0,-0.09103410740203194,손절,150765704700.0
035720,카카오,2025-06-10,2025-06-11,2025-09-03,49100.0,59600.0,0.21134928716904272,추세이탈,444802100000.0
241560,두산밥캣,2025-06-10,2025-06-11,2025-08-21,52200.0,54300.0,0.03772988505747116,추세이탈,36009277600.0
222800,심텍,2025-06-11,2025-06-12,2025-08-22,22600.0,22950.0,0.012986725663716782,추세이탈,49629932000.0
253450,스튜디오드래곤,2025-06-11,2025-06-12,2025-06-16,54800.0,50416.0,-0.08249999999999996,손절,12054355200.0
010950,S-Oil,2025-06-12,2025-06-13,2025-08-25,59300.0,60200.0,0.012677065767284947,추세이탈,25598257600.0
012330,현대모비스,2025-06-12,2025-06-13,2025-09-05,284500.0,323000.0,0.13282513181019334,기간만료,93434921000.0
004090,한국석유,2025-06-13,2025-06-16,2025-06-16,20550.0,18906.0,-0.08249999999999996,손절,88696299120.0
003280,흥아해운,2025-06-13,2025-06-16,2025-06-16,2380.0,2189.6,-0.08250000000000007,손절,322229329400.0
323280,태성,2025-06-13,2025-06-16,2025-06-26,27650.0,25438.0,-0.08249999999999996,손절,19963692000.0
086280,현대글로비스,2025-06-17,2025-06-18,2025-09-10,124500.0,187500.0,0.5035240963855423,기간만료,42928279000.0
465770,STX그린로지스,2025-06-18,2025-06-19,2025-06-24,10660.0,8880.0,-0.16947936210131337,손절,55714604540.0
000990,DB하이텍,2025-06-18,2025-06-19,2025-08-01,47600.0,43792.0,-0.08249999999999996,손절,17956275750.0
035420,NAVER,2025-06-18,2025-06-19,2025-07-23,254500.0,234140.0,-0.08249999999999996,손절,1389625036500.0
000120,CJ대한통운,2025-06-20,2025-06-23,2025-08-04,89800.0,85700.0,-0.048157015590200414,추세이탈,20100299100.0
277810,레인보우로보틱스,2025-06-20,2025-06-23,2025-07-03,284000.0,276500.0,-0.02890845070422537,추세이탈,157374880000.0
408900,스튜디오미르,2025-06-24,2025-06-25,2025-06-27,4120.0,3790.4,-0.08249999999999996,손절,50620752500.0
067310,하나마이크론,2025-06-24,2025-06-25,2025-06-27,12840.0,11812.800000000001,-0.08249999999999996,손절,15544613000.0
011790,SKC,2025-06-26,2025-06-27,2025-07-01,109502.0,100741.84000000001,-0.08249999999999985,손절,113417906448.0
093240,형지엘리트,2025-07-01,2025-07-02,2025-07-02,2993.0,2753.56,-0.08250000000000007,손절,20268480184.0
203400,에이비온,2025-07-02,2025-07-03,2025-07-07,4004.0,3683.6800000000003,-0.08249999999999996,손절,20241719454.0
139480,이마트,2025-07-09,2025-07-10,2025-07-23,100700.0,92644.0,-0.08249999999999996,손절,53206926000.0
011780,금호석유화학,2025-07-11,2025-07-14,2025-08-01,126800.0,116656.0,-0.08249999999999996,손절,27996029700.0
308100,형지글로벌,2025-07-23,2025-07-24,2025-07-25,4045.0,4255.0,0.04941594561186652,추세이탈,56457545470.0
220100,퓨쳐켐,2025-07-24,2025-07-25,2025-07-28,16375.0,15065.0,-0.08249999999999996,손절,12505898724.0
489790,한화비전,2025-07-29,2025-07-30,2025-07-31,68300.0,62836.0,-0.08249999999999996,손절,309001007700.0
042660,한화오션,2025-07-29,2025-07-30,2025-10-15,99400.0,104200.0,0.04578973843058359,추세이탈,792699072000.0
047810,한국항공우주,2025-07-29,2025-07-30,2025-08-01,99700.0,91724.0,-0.08249999999999996,손절,240755488500.0
067310,하나마이크론,2025-07-30,2025-07-31,2025-08-06,12760.0,11739.2,-0.08249999999999996,손절,131698023590.0
017810,풀무원,2025-07-30,2025-07-31,2025-09-29,14670.0,14230.0,-0.03249318336741652,추세이탈,18842146160.0
014940,오리엔탈정공,2025-08-07,2025-08-08,2025-08-14,7850.0,7222.0,-0.08249999999999996,손절,134180429760.0
122870,와이지엔터테인먼트,2025-08-08,2025-08-11,2025-10-17,94500.0,92100.0,-0.027896825396825416,추세이탈,51892828000.0
017510,세명전기,2025-08-08,2025-08-11,2025-09-26,9740.0,8960.800000000001,-0.08249999999999985,손절,60935004000.0
041510,에스엠,2025-08-13,2025-08-14,2025-09-03,145300.0,133676.0,-0.08249999999999996,손절,58703984500.0
302440,SK바이오사이언스,2025-09-04,2025-09-05,2025-09-29,49650.0,47250.0,-0.05083836858006047,추세이탈,14875842300.0
089030,테크윙,2025-09-04,2025-09-05,2025-11-20,38700.0,52800.0,0.3618410852713178,추세이탈,51869450750.0
052420,오성첨단소재,2025-09-05,2025-09-08,2025-09-16,18590.0,17102.8,-0.08250000000000007,손절,62763647370.0
351330,이삭엔지니어링,2025-09-05,2025-09-08,2025-11-17,8290.0,8160.0,-0.0181815440289505,추세이탈,15051975180.0
001040,CJ,2025-09-08,2025-09-09,2025-10-10,185600.0,170752.0,-0.08249999999999996,손절,75402826200.0
080220,제주반도체,2025-09-09,2025-09-10,2025-11-19,18080.0,18190.0,0.003584070796460228,추세이탈,28638152370.0
025550,한국선재,2025-09-09,2025-09-10,2025-09-17,4380.0,4029.6000000000004,-0.08249999999999996,손절,107106900485.0
028260,삼성물산,2025-09-10,2025-09-11,2025-12-10,183000.0,247500.0,0.3499590163934427,기간만료,88665369600.0
003540,대신증권,2025-09-10,2025-09-11,2025-09-24,28800.0,26496.0,-0.08249999999999996,손절,15400376500.0
466100,클로봇,2025-09-10,2025-09-11,2025-12-10,24674.0,49159.0,0.989840115100916,기간만료,412210629880.0
000810,삼성화재,2025-09-10,2025-09-11,2025-09-18,467500.0,450500.0,-0.03886363636363638,추세이탈,71373480000.0
322000,HD현대에너지솔루션,2025-09-11,2025-09-12,2025-09-26,52200.0,48024.0,-0.08249999999999996,손절,23023567500.0
288620,에스프리즘,2025-09-11,2025-09-12,2025-09-16,13500.0,12420.0,-0.08249999999999996,손절,11123596800.0
126730,코칩,2025-09-12,2025-09-15,2025-09-26,16440.0,15124.800000000001,-0.08249999999999996,손절,17658145800.0
403870,HPSP,2025-09-15,2025-09-16,2025-11-17,31100.0,31600.0,0.013577170418006492,추세이탈,66712935450.0
215100,로보로보,2025-09-15,2025-09-16,2025-09-16,7040.0,6476.8,-0.08249999999999996,손절,134162730240.0
058610,에스피지,2025-09-15,2025-09-16,2025-09-24,29150.0,26818.0,-0.08249999999999996,손절,11316905600.0
008040,사조동아원,2025-09-15,2025-09-16,2025-09-25,13510.0,12429.2,-0.08249999999999996,손절,23949110400.0
102710,이엔에프테크놀로지,2025-09-16,2025-09-17,2025-11-10,49450.0,47450.0,-0.04294489383215366,추세이탈,13309475800.0
069960,현대백화점,2025-09-16,2025-09-17,2025-12-16,80500.0,91800.0,0.13787267080745352,기간만료,10601438700.0
072710,농심홀딩스,2025-09-16,2025-09-17,2025-09-23,121700.0,111964.0,-0.08249999999999996,손절,270253153300.0
000990,DB하이텍,2025-09-16,2025-09-17,2025-12-16,55900.0,65300.0,0.16565742397137745,기간만료,70312521000.0
000660,SK하이닉스,2025-09-16,2025-09-17,2025-12-16,341000.0,530000.0,0.5517521994134897,기간만료,2032714980000.0
036570,NC,2025-09-17,2025-09-18,2025-09-25,242000.0,222640.0,-0.08249999999999996,손절,46218960000.0
005290,동진쎄미켐,2025-09-18,2025-09-19,2025-11-07,39100.0,35972.0,-0.08249999999999996,손절,38375414000.0
090710,휴림로봇,2025-09-18,2025-09-19,2025-09-26,3530.0,3247.6000000000004,-0.08249999999999985,손절,107350081640.0
056080,유진로봇,2025-09-18,2025-09-19,2025-09-30,11820.0,10874.4,-0.08250000000000007,손절,24878298660.0
207760,미스터블루,2025-09-18,2025-09-19,2025-09-23,9890.0,9098.800000000001,-0.08249999999999985,손절,29520830000.0
430690,한싹,2025-09-19,2025-09-22,2025-09-25,6860.0,6311.200000000001,-0.08249999999999985,손절,57772636020.0
411080,샌즈랩,2025-09-19,2025-09-22,2025-09-25,9870.0,9080.4,-0.08250000000000007,손절,9272884600.0
362320,청담글로벌,2025-09-22,2025-09-23,2025-10-01,9090.0,8362.800000000001,-0.08249999999999985,손절,61488514170.0
058470,리노공업,2025-09-22,2025-09-23,2025-12-22,54800.0,61400.0,0.11793795620437958,기간만료,53482565000.0
003160,디아이,2025-09-23,2025-09-24,2025-12-12,15500.0,20700.0,0.3329838709677419,추세이탈,15267552030.0
006620,동구바이오제약,2025-09-23,2025-09-24,2025-11-04,5490.0,5210.0,-0.05350182149362476,추세이탈,12152603720.0
272210,한화시스템,2025-09-24,2025-09-25,2025-10-13,60600.0,55752.0,-0.08249999999999996,손절,148463804000.0
456010,아이씨티케이,2025-09-24,2025-09-25,2025-09-26,16900.0,15548.0,-0.08249999999999996,손절,89785822500.0
394800,쓰리빌리언,2025-09-25,2025-09-26,2025-10-01,8080.0,7433.6,-0.08249999999999996,손절,16255443540.0
035420,NAVER,2025-09-29,2025-09-30,2025-10-01,279000.0,256680.0,-0.08249999999999996,손절,956913039000.0
011170,롯데케미칼,2025-09-29,2025-09-30,2025-12-19,68600.0,73200.0,0.06455539358600587,추세이탈,14559646400.0
094480,갤럭시아머니트리,2025-09-29,2025-09-30,2025-10-02,11380.0,10650.0,-0.06664762741652025,추세이탈,24108907680.0
003530,한화투자증권,2025-10-02,2025-10-10,2025-10-14,5950.0,5720.0,-0.041155462184873925,추세이탈,49752879930.0
034020,두산에너빌리티,2025-10-13,2025-10-14,2025-11-19,79600.0,73232.0,-0.08249999999999996,손절,1107520004000.0
001440,대한전선,2025-10-13,2025-10-14,2025-10-14,18650.0,17158.0,-0.08249999999999996,손절,247089003360.0
005070,코스모신소재,2025-10-15,2025-10-16,2025-11-24,46450.0,45700.0,-0.018646393972012894,추세이탈,44603053000.0
241560,두산밥캣,2025-10-15,2025-10-16,2025-11-18,58000.0,56700.0,-0.024913793103448264,추세이탈,26116878000.0
047770,코데즈컴바인,2025-10-16,2025-10-17,2025-10-17,2810.0,2585.2000000000003,-0.08249999999999985,손절,40654295940.0
003670,포스코퓨처엠,2025-10-16,2025-10-17,2025-12-19,192100.0,196600.0,0.02092529932326909,추세이탈,259759983500.0
247540,에코프로비엠,2025-10-17,2025-10-20,2025-11-18,156300.0,143796.0,-0.08249999999999996,손절,803393780250.0
450080,에코프로머티,2025-10-20,2025-10-21,2025-11-07,65100.0,59892.0,-0.08249999999999996,손절,82991568000.0
086520,에코프로,2025-10-20,2025-10-21,2026-01-12,77200.0,87100.0,0.12573834196891193,추세이탈,609806616300.0
107600,새빗켐,2025-10-21,2025-10-22,2025-11-05,36000.0,33100.0,-0.0830555555555556,손절,70843161000.0
047050,포스코인터내셔널,2025-10-22,2025-10-23,2025-11-25,55100.0,51800.0,-0.06239110707803991,추세이탈,36379215600.0
267320,나인테크,2025-10-22,2025-10-23,2025-11-07,4020.0,3650.0,-0.09453980099502485,손절,21352236280.0
103590,일진전기,2025-10-23,2025-10-24,2026-01-20,44850.0,62700.0,0.39549331103678925,기간만료,85577818500.0
010120,LS ELECTRIC,2025-10-23,2025-10-24,2026-01-20,73100.0,105000.0,0.4338885088919288,기간만료,472624068000.0
052690,한전기술,2025-10-24,2025-10-27,2025-11-04,109800.0,101016.0,-0.08249999999999996,손절,82018930400.0
416180,신성에스티,2025-10-24,2025-10-27,2025-10-31,48200.0,44344.0,-0.08249999999999996,손절,22351283750.0
005950,이수화학,2025-10-24,2025-10-27,2025-10-27,11990.0,11030.800000000001,-0.08249999999999996,손절,79509072800.0
005420,코스모화학,2025-10-24,2025-10-27,2025-10-30,21600.0,19872.0,-0.08249999999999996,손절,13712197500.0
025980,아난티,2025-10-27,2025-10-28,2025-10-29,10190.0,9374.800000000001,-0.08249999999999985,손절,37605559260.0
000880,한화,2025-10-27,2025-10-28,2025-10-31,124969.0,114971.48000000001,-0.08249999999999996,손절,128735012322.0
046120,오르비텍,2025-10-29,2025-10-30,2025-10-30,4250.0,3910.0,-0.08249999999999996,손절,13454548000.0
018880,한온시스템,2025-10-29,2025-10-30,2025-10-30,4601.0,4232.92,-0.08249999999999996,손절,34178587108.0
114190,강원에너지,2025-10-29,2025-10-30,2025-11-21,16020.0,14700.0,-0.08489700374531833,손절,331939155150.0
009830,한화솔루션,2025-10-29,2025-10-30,2025-11-06,28910.0,27495.0,-0.051445001729505335,추세이탈,61975074999.0
417200,LS머트리얼즈,2025-10-30,2025-10-31,2026-01-27,12220.0,14290.0,0.16689443535188214,기간만료,27763060080.0
088800,에이스테크,2025-10-31,2025-11-03,2025-11-07,3865.0,3555.8,-0.08249999999999996,손절,55589384770.0
352820,하이브,2025-10-31,2025-11-03,2025-11-05,350500.0,322460.0,-0.08249999999999996,손절,187939422000.0
060370,LS마린솔루션,2025-10-31,2025-11-03,2025-11-05,29550.0,27186.0,-0.08249999999999996,손절,30990626000.0
000500,가온전선,2025-11-03,2025-11-04,2025-11-05,52567.0,48361.64,-0.08249999999999996,손절,21905725534.0
018000,유니슨,2025-11-03,2025-11-04,2025-11-05,1388.0,1276.96,-0.08249999999999996,손절,20620498596.0
256840,한국비엔씨,2025-11-04,2025-11-05,2025-11-05,5980.0,5501.6,-0.08249999999999996,손절,146273947600.0
307950,현대오토에버,2025-11-04,2025-11-05,2025-11-06,216500.0,199180.0,-0.08249999999999996,손절,93293478000.0
112610,씨에스윈드,2025-11-05,2025-11-06,2025-11-10,45350.0,43250.0,-0.0488065049614112,추세이탈,19229131500.0
000810,삼성화재,2025-11-06,2025-11-07,2026-01-09,500000.0,469000.0,-0.06450000000000006,추세이탈,81660432000.0
000230,일동홀딩스,2025-11-06,2025-11-07,2025-11-10,13440.0,12364.800000000001,-0.08249999999999996,손절,87481537920.0
220100,퓨쳐켐,2025-11-06,2025-11-07,2025-11-10,17343.0,15955.560000000001,-0.08249999999999996,손절,30422195250.0
040300,YTN,2025-11-10,2025-11-11,2025-11-14,3920.0,3606.4,-0.08249999999999996,손절,60374636490.0
024110,기업은행,2025-11-10,2025-11-11,2026-01-20,20200.0,20350.0,0.004925742574257432,추세이탈,32108339900.0
120110,코오롱인더,2025-11-13,2025-11-14,2026-01-12,41650.0,41450.0,-0.007301920768307322,추세이탈,45511088700.0
141080,리가켐바이오,2025-11-14,2025-11-17,2026-01-15,172800.0,165500.0,-0.04474537037037035,추세이탈,201233565000.0
253840,수젠텍,2025-11-17,2025-11-18,2025-11-19,7750.0,7130.0,-0.08249999999999996,손절,10476424910.0
308080,바이젠셀,2025-12-01,2025-12-02,2025-12-03,7230.0,6450.0,-0.11038381742738584,손절,41489929400.0
099440,스맥,2025-12-02,2025-12-03,2026-01-07,6290.0,5786.8,-0.08249999999999996,손절,76290024980.0
203400,에이비온,2025-12-03,2025-12-04,2025-12-05,4090.0,3762.8,-0.08249999999999996,손절,25210698650.0
030200,KT,2025-12-05,2025-12-08,2026-03-05,52800.0,58900.0,0.11303030303030298,추세이탈,32378787000.0
012330,현대모비스,2025-12-05,2025-12-08,2026-03-05,370000.0,439500.0,0.1853378378378378,추세이탈,225177750000.0
004310,현대약품,2025-12-08,2025-12-09,2025-12-09,7540.0,6936.8,-0.08249999999999996,손절,23294887650.0
317830,에스피시스템스,2025-12-08,2025-12-09,2025-12-17,13010.0,11969.2,-0.08249999999999996,손절,146136773600.0
011690,와이투솔루션,2025-12-09,2025-12-10,2025-12-10,4890.0,4498.8,-0.08249999999999996,손절,10140676040.0
056080,유진로봇,2025-12-11,2025-12-12,2025-12-17,15610.0,14361.2,-0.08249999999999996,손절,147435489040.0
215600,신라젠,2025-12-11,2025-12-12,2025-12-15,3685.0,3390.2000000000003,-0.08249999999999996,손절,22854595490.0
038500,삼표시멘트,2025-12-12,2025-12-15,2025-12-15,5760.0,5299.2,-0.08250000000000007,손절,265606408980.0
295310,에이치브이엠,2025-12-15,2025-12-16,2026-03-05,34900.0,71700.0,1.0519412607449858,추세이탈,56163218400.0
319400,현대무벡스,2025-12-16,2025-12-17,2026-03-20,12190.0,29650.0,1.429821575061526,기간만료,738316079200.0
306040,에스제이그룹,2025-12-17,2025-12-18,2025-12-18,8420.0,7746.400000000001,-0.08249999999999996,손절,118702247040.0
347700,스피어,2025-12-19,2025-12-22,2025-12-23,14110.0,12981.2,-0.08249999999999996,손절,54218004480.0
260660,알리코제약,2025-12-19,2025-12-22,2025-12-23,4780.0,4397.6,-0.08249999999999996,손절,91444246030.0
462350,이노스페이스,2025-12-22,2025-12-23,2025-12-23,12765.0,11743.800000000001,-0.08249999999999996,손절,73494271897.0
189300,인텔리안테크,2025-12-22,2025-12-23,2025-12-23,64500.0,59340.0,-0.08249999999999996,손절,53544496500.0
010060,OCI홀딩스,2025-12-23,2025-12-24,2026-01-02,119600.0,110032.0,-0.08249999999999996,손절,36970075800.0
332570,PS일렉트로닉스,2025-12-30,2026-01-02,2026-02-13,6380.0,6010.0,-0.06049373040752354,추세이탈,32127832710.0
080220,제주반도체,2026-01-02,2026-01-05,2026-01-05,34750.0,31970.0,-0.08249999999999996,손절,541558068250.0
099320,쎄트렉아이,2026-01-02,2026-01-05,2026-04-01,88000.0,171000.0,0.9406818181818182,추세이탈,111325727700.0
032940,원익,2026-01-05,2026-01-06,2026-01-06,14360.0,13211.2,-0.08249999999999996,손절,233098773950.0
474170,루미르,2026-01-06,2026-01-07,2026-01-07,12230.0,11251.6,-0.08249999999999996,손절,216692976000.0
036540,SFA반도체,2026-01-06,2026-01-07,2026-01-09,6090.0,5602.8,-0.08249999999999996,손절,22676699790.0
211270,AP위성,2026-01-06,2026-01-07,2026-03-04,14590.0,13422.800000000001,-0.08249999999999996,손절,42880908000.0
319660,피에스케이,2026-01-07,2026-01-08,2026-01-21,43200.0,39200.0,-0.09509259259259256,손절,33237087300.0
042700,한미반도체,2026-01-08,2026-01-09,2026-01-12,181900.0,167348.0,-0.08249999999999996,손절,1027423318500.0
095610,테스,2026-01-08,2026-01-09,2026-01-15,53300.0,49036.0,-0.08249999999999996,손절,34992869500.0
012450,한화에어로스페이스,2026-01-09,2026-01-12,2026-02-06,1256000.0,1155520.0,-0.08249999999999996,손절,698210248000.0
399720,가온칩스,2026-01-12,2026-01-13,2026-01-15,62800.0,57776.0,-0.08249999999999996,손절,28522093800.0
006910,보성파워텍,2026-01-12,2026-01-13,2026-04-08,5480.0,9500.0,0.7310766423357664,추세이탈,21979513920.0
017960,한국카본,2026-01-12,2026-01-13,2026-01-14,39500.0,36340.0,-0.08249999999999996,손절,82615064800.0
234100,폴라리스세원,2026-01-13,2026-01-14,2026-01-15,6800.0,6256.0,-0.08249999999999996,손절,31571842500.0
034020,두산에너빌리티,2026-01-14,2026-01-15,2026-03-04,90000.0,82800.0,-0.08249999999999996,손절,1035664448000.0
024060,흥구석유,2026-01-14,2026-01-15,2026-01-19,14000.0,12880.0,-0.08249999999999996,손절,157252728750.0
005490,POSCO홀딩스,2026-01-15,2026-01-16,2026-03-04,353500.0,325220.0,-0.08249999999999996,손절,329939341500.0
000880,한화,2026-01-15,2026-01-16,2026-01-16,161224.0,148326.08000000002,-0.08249999999999985,손절,521425967790.0
052690,한전기술,2026-01-16,2026-01-19,2026-04-16,130000.0,189100.0,0.45211538461538464,기간만료,339731859600.0
074600,원익QnC,2026-01-16,2026-01-19,2026-04-16,23800.0,36100.0,0.5143067226890756,기간만료,18074712800.0
282880,코윈로보틱스,2026-01-16,2026-01-19,2026-03-03,17150.0,16310.0,-0.05147959183673473,추세이탈,46168392600.0
010140,삼성중공업,2026-01-19,2026-01-20,2026-02-02,31400.0,28888.0,-0.08249999999999996,손절,445462349150.0
060720,KH바텍,2026-01-19,2026-01-20,2026-01-21,15270.0,13920.0,-0.09090864440078589,손절,20278555200.0
090360,로보스타,2026-01-19,2026-01-20,2026-01-20,95000.0,87400.0,-0.08249999999999996,손절,88516426900.0
032820,우리기술,2026-01-20,2026-01-21,2026-01-22,8610.0,7921.200000000001,-0.08249999999999996,손절,465966795420.0
013310,아진산업,2026-01-20,2026-01-21,2026-01-26,3750.0,3450.0,-0.08249999999999996,손절,124862309460.0
267250,HD현대,2026-01-20,2026-01-21,2026-01-22,264000.0,242880.0,-0.08249999999999996,손절,125411419500.0
011700,한신기계,2026-01-21,2026-01-22,2026-01-22,5130.0,4719.6,-0.08249999999999996,손절,172349109250.0
051600,한전KPS,2026-01-21,2026-01-22,2026-02-02,58900.0,54188.0,-0.08249999999999996,손절,28365364000.0
323350,다원넥스뷰,2026-01-22,2026-01-23,2026-01-26,9490.0,8730.800000000001,-0.08249999999999985,손절,27441068100.0
011500,한농화성,2026-01-22,2026-01-23,2026-01-23,25200.0,23184.0,-0.08249999999999996,손절,74612676250.0
077360,덕산하이메탈,2026-01-22,2026-01-23,2026-01-23,8520.0,7838.400000000001,-0.08249999999999996,손절,118962698400.0
215100,로보로보,2026-01-22,2026-01-23,2026-01-23,13680.0,12585.6,-0.08249999999999996,손절,421927686420.0
009470,삼화전기,2026-01-23,2026-01-26,2026-03-04,41500.0,38180.0,-0.08249999999999996,손절,24534586600.0
033160,엠케이전자,2026-01-23,2026-01-26,2026-03-04,9450.0,8694.0,-0.08249999999999996,손절,10966835040.0
456010,아이씨티케이,2026-01-23,2026-01-26,2026-02-06,16910.0,15557.2,-0.08249999999999996,손절,43154910500.0
222080,SFA넥셀,2026-01-26,2026-01-27,2026-04-13,10490.0,11730.0,0.11570781696854143,추세이탈,138593600800.0
161580,필옵틱스,2026-01-26,2026-01-27,2026-03-04,49300.0,45050.0,-0.08870689655172409,손절,81477104000.0
078590,휴림에이텍,2026-01-26,2026-01-27,2026-01-29,10618.0,9768.560000000001,-0.08249999999999985,손절,91161656131.0
060250,NHN KCP,2026-01-27,2026-01-28,2026-01-28,23250.0,21390.0,-0.08249999999999996,손절,344671767100.0
035420,NAVER,2026-01-27,2026-01-28,2026-02-04,285000.0,262200.0,-0.08249999999999996,손절,1392863689000.0
252990,샘씨엔에스,2026-01-27,2026-01-28,2026-03-31,9030.0,8590.0,-0.05122646733111852,추세이탈,23064310750.0
241710,코스메카코리아,2026-01-27,2026-01-28,2026-03-03,86500.0,79580.0,-0.08249999999999996,손절,14526252400.0
214180,헥토이노베이션,2026-01-27,2026-01-28,2026-03-04,20700.0,19044.0,-0.08249999999999996,손절,37497915000.0
094480,갤럭시아머니트리,2026-01-27,2026-01-28,2026-01-28,11220.0,10322.4,-0.08250000000000007,손절,14517038160.0
298050,HS효성첨단소재,2026-01-27,2026-01-28,2026-01-30,264000.0,242880.0,-0.08249999999999996,손절,24483585000.0
130660,한전산업,2026-01-27,2026-01-28,2026-01-30,14800.0,13616.0,-0.08249999999999996,손절,186948727500.0
247540,에코프로비엠,2026-01-27,2026-01-28,2026-02-06,211615.0,194685.80000000002,-0.08249999999999996,손절,385416990595.0
006400,삼성SDI,2026-01-27,2026-01-28,2026-02-02,394000.0,362480.0,-0.08249999999999996,손절,714974312500.0
084370,유진테크,2026-01-28,2026-01-29,2026-01-29,107800.0,99176.0,-0.08249999999999996,손절,82212439400.0
005880,대한해운,2026-01-28,2026-01-29,2026-04-28,1959.0,2685.0,0.3680972434915774,기간만료,14344113308.0
089010,켐트로닉스,2026-01-28,2026-01-29,2026-01-29,37300.0,34316.0,-0.08249999999999996,손절,23802260200.0
028050,삼성E&A,2026-01-28,2026-01-29,2026-04-28,31900.0,56300.0,0.7623902821316615,기간만료,67016546400.0
195870,해성디에스,2026-01-28,2026-01-29,2026-01-29,65100.0,59892.0,-0.08249999999999996,손절,47930045800.0
035760,CJ ENM,2026-01-28,2026-01-29,2026-03-04,72400.0,66608.0,-0.08249999999999996,손절,11088901600.0
033500,동성화인텍,2026-01-29,2026-01-30,2026-02-02,29300.0,26956.0,-0.08249999999999996,손절,9994015050.0
090430,아모레퍼시픽,2026-01-29,2026-01-30,2026-03-04,138800.0,127696.0,-0.08249999999999996,손절,91351017000.0
011930,신성이엔지,2026-01-29,2026-01-30,2026-05-20,18550.0,26700.0,0.4368530997304582,기간만료,37877200300.0
052400,코나아이,2026-01-29,2026-01-30,2026-02-02,62800.0,57776.0,-0.08249999999999996,손절,20345557800.0
290650,엘앤씨바이오,2026-01-29,2026-01-30,2026-03-19,77384.0,71193.28,-0.08249999999999996,손절,72004536968.0
383310,에코프로에이치엔,2026-01-30,2026-02-02,2026-02-02,42950.0,39514.0,-0.08249999999999996,손절,53249198450.0
025320,시노펙스,2026-01-30,2026-02-02,2026-02-06,7510.0,6909.200000000001,-0.08249999999999985,손절,16255293660.0
393890,더블유씨피,2026-01-30,2026-02-02,2026-02-02,9610.0,8841.2,-0.08249999999999996,손절,11282720800.0
003540,대신증권,2026-01-30,2026-02-02,2026-04-30,30900.0,37950.0,0.22565533980582514,기간만료,11452169200.0
137400,피엔티,2026-01-30,2026-02-02,2026-02-06,52300.0,48116.0,-0.08249999999999996,손절,38433119600.0
059090,미코,2026-01-30,2026-02-02,2026-02-06,17170.0,15796.400000000001,-0.08249999999999996,손절,22743831240.0
078160,메디포스트,2026-02-02,2026-02-03,2026-02-04,26700.0,24564.0,-0.08249999999999996,손절,21384157950.0
348370,엔켐,2026-02-02,2026-02-03,2026-02-05,86600.0,79672.0,-0.08249999999999996,손절,72495390000.0
088130,동아엘텍,2026-02-02,2026-02-03,2026-02-03,6390.0,5878.8,-0.08249999999999996,손절,73678443750.0
189980,흥국에프엔비,2026-02-03,2026-02-04,2026-02-06,2210.0,1990.0,-0.10204751131221718,손절,14722169040.0
020150,롯데에너지머티리얼즈,2026-02-04,2026-02-05,2026-02-11,46350.0,42642.0,-0.08249999999999996,손절,104292064250.0
499790,GS피앤엘,2026-02-05,2026-02-06,2026-02-26,61200.0,56304.0,-0.08249999999999996,손절,62521004800.0
322000,HD현대에너지솔루션,2026-02-05,2026-02-06,2026-05-08,78300.0,197200.0,1.5160185185185187,기간만료,433505790900.0
004060,SG세계물산,2026-02-06,2026-02-09,2026-02-09,4910.0,4517.2,-0.08250000000000007,손절,76166689240.0
078600,대주전자재료,2026-02-09,2026-02-10,2026-02-12,95900.0,88228.0,-0.08249999999999996,손절,208654437900.0
042520,한스바이오메드,2026-02-09,2026-02-10,2026-02-10,45500.0,41860.0,-0.08249999999999996,손절,25897213000.0
090460,비에이치,2026-02-09,2026-02-10,2026-03-03,19720.0,18142.4,-0.08249999999999996,손절,34864484850.0
086390,유니테스트,2026-02-10,2026-02-11,2026-02-23,20800.0,19136.0,-0.08249999999999996,손절,70103862000.0
036620,감성코퍼레이션,2026-02-10,2026-02-11,2026-02-12,7380.0,6789.6,-0.08249999999999996,손절,17945942630.0
018880,한온시스템,2026-02-10,2026-02-11,2026-02-11,4855.0,4466.6,-0.08249999999999996,손절,571089588430.0
221800,지구홀딩스,2026-02-10,2026-02-11,2026-04-23,7200.0,16000.0,1.2197222222222224,추세이탈,60816147450.0
114810,한솔아이원스,2026-02-11,2026-02-12,2026-02-26,17230.0,15851.6,-0.08249999999999996,손절,30600292590.0
441270,파인엠텍,2026-02-12,2026-02-13,2026-02-20,11320.0,10414.4,-0.08250000000000007,손절,23102293770.0
001450,현대해상,2026-02-13,2026-02-19,2026-03-03,35800.0,32936.0,-0.08249999999999996,손절,47688509850.0
086450,동국제약,2026-02-19,2026-02-20,2026-03-04,21200.0,19130.0,-0.10014150943396222,손절,30060929600.0
003720,삼영,2026-02-19,2026-02-20,2026-02-26,8500.0,7820.0,-0.08249999999999996,손절,44525633700.0
282720,금양그린파워,2026-02-20,2026-02-23,2026-02-26,13310.0,12245.2,-0.08249999999999996,손절,10211859960.0
112610,씨에스윈드,2026-02-20,2026-02-23,2026-03-04,49550.0,45586.0,-0.08249999999999996,손절,32798161200.0
006340,대원전선,2026-02-23,2026-02-24,2026-03-04,5710.0,5253.2,-0.08250000000000007,손절,263642250560.0
004410,서울식품,2026-02-23,2026-02-24,2026-02-24,2300.0,2116.0,-0.08249999999999996,손절,47782928060.0
310210,보로노이,2026-02-23,2026-02-24,2026-04-06,287000.0,264040.0,-0.08249999999999996,손절,69996257000.0
034220,LG디스플레이,2026-02-26,2026-02-27,2026-02-27,15750.0,14490.0,-0.08249999999999996,손절,260346473250.0
307750,국전,2026-03-06,2026-03-09,2026-04-10,3860.0,3730.0,-0.03617875647668395,추세이탈,23430863040.0
376900,로킷헬스케어,2026-03-12,2026-03-13,2026-04-08,98800.0,90896.0,-0.08249999999999996,손절,89457875900.0
261780,아리바이오랩,2026-03-19,2026-03-20,2026-03-20,4500.0,4140.0,-0.08249999999999996,손절,125906983555.0
214390,경보제약,2026-03-19,2026-03-20,2026-03-20,7900.0,7268.0,-0.08249999999999996,손절,102725885860.0
340440,세림B&G,2026-03-27,2026-03-30,2026-03-30,2570.0,2364.4,-0.08249999999999996,손절,74587991360.0
005810,풍산홀딩스,2026-04-09,2026-04-10,2026-05-12,44750.0,41170.0,-0.08249999999999996,손절,42226244400.0
093370,후성,2026-04-10,2026-04-13,2026-07-07,10740.0,13100.0,0.2172392923649908,추세이탈,47800167720.0
062040,산일전기,2026-04-13,2026-04-14,2026-06-12,182900.0,233500.0,0.274153909240022,추세이탈,216155603300.0
083450,GST,2026-04-14,2026-04-15,2026-06-29,40150.0,49000.0,0.2179234122042341,추세이탈,40570042700.0
483650,달바글로벌,2026-04-14,2026-04-15,2026-06-04,186000.0,198100.0,0.06255376344086011,추세이탈,44698156200.0
001440,대한전선,2026-04-15,2026-04-16,2026-06-08,41800.0,37400.0,-0.10776315789473684,추세이탈,1700162640000.0
004980,성신양회,2026-04-16,2026-04-17,2026-04-17,12240.0,11260.800000000001,-0.08249999999999996,손절,16330627300.0
007660,이수페타시스,2026-04-20,2026-04-21,2026-05-18,134800.0,124016.0,-0.08249999999999996,손절,489460804200.0
000990,DB하이텍,2026-04-21,2026-04-22,2026-06-30,120800.0,143900.0,0.1887251655629138,추세이탈,87876478000.0
005490,POSCO홀딩스,2026-04-22,2026-04-23,2026-06-05,421000.0,387320.0,-0.08249999999999996,손절,235093212000.0
457190,이수스페셜티케미컬,2026-04-22,2026-04-23,2026-04-23,129300.0,118956.0,-0.08249999999999996,손절,97874880500.0
034730,SK,2026-04-23,2026-04-24,2026-07-14,397000.0,575000.0,0.4458627204030227,추세이탈,91024108500.0
010140,삼성중공업,2026-04-24,2026-04-27,2026-05-04,34700.0,31924.0,-0.08249999999999996,손절,384677518400.0
071970,HD현대마린엔진,2026-04-24,2026-04-27,2026-04-28,115400.0,106168.0,-0.08249999999999996,손절,210752265000.0
004800,효성,2026-04-24,2026-04-27,2026-06-08,177000.0,162840.0,-0.08249999999999996,손절,9034785000.0
195870,해성디에스,2026-04-27,2026-04-28,2026-04-29,79000.0,72680.0,-0.08249999999999996,손절,36315232800.0
108320,LX세미콘,2026-04-27,2026-04-28,2026-04-29,65000.0,59600.0,-0.08557692307692305,손절,19369739700.0
452260,한화갤러리아,2026-04-27,2026-04-28,2026-04-28,3480.0,3201.6000000000004,-0.08249999999999985,손절,226075687440.0
082740,한화엔진,2026-04-27,2026-04-28,2026-05-08,84500.0,77740.0,-0.08249999999999996,손절,319001436000.0
003530,한화투자증권,2026-04-28,2026-04-29,2026-05-13,7950.0,7314.0,-0.08249999999999996,손절,46657684900.0
033100,제룡전기,2026-04-29,2026-04-30,2026-05-19,68400.0,62928.0,-0.08249999999999996,손절,81984755400.0
192080,더블유게임즈,2026-04-29,2026-04-30,2026-05-12,61500.0,56580.0,-0.08249999999999996,손절,11733657000.0
396300,HT로보틱스,2026-04-29,2026-04-30,2026-05-20,5980.0,5501.6,-0.08249999999999996,손절,33579760200.0
399720,가온칩스,2026-04-29,2026-04-30,2026-05-12,73500.0,67620.0,-0.08249999999999996,손절,20733489000.0
267250,HD현대,2026-04-30,2026-05-04,2026-05-06,321000.0,295320.0,-0.08249999999999996,손절,93897063000.0
003550,LG,2026-04-30,2026-05-04,2026-06-24,101100.0,99800.0,-0.01535855588526208,추세이탈,36050796200.0
254490,미래반도체,2026-04-30,2026-05-04,2026-06-08,23850.0,21942.0,-0.08249999999999996,손절,58973273700.0
253590,네오셈,2026-05-04,2026-05-06,2026-05-07,19760.0,18179.2,-0.08249999999999996,손절,46361276220.0
140860,파크시스템스,2026-05-04,2026-05-06,2026-05-13,322000.0,295000.0,-0.08635093167701863,손절,24673164000.0
328130,루닛,2026-05-04,2026-05-06,2026-05-11,21300.0,19596.0,-0.08249999999999996,손절,22702305600.0
307180,아이엘,2026-05-04,2026-05-06,2026-05-06,8000.0,7360.0,-0.08249999999999996,손절,33338910250.0
161580,필옵틱스,2026-05-06,2026-05-07,2026-05-07,61800.0,56856.0,-0.08249999999999996,손절,313496820000.0
069960,현대백화점,2026-05-06,2026-05-07,2026-05-20,112300.0,103316.0,-0.08249999999999996,손절,20772637500.0
454910,두산로보틱스,2026-05-06,2026-05-07,2026-06-22,100100.0,100500.0,0.0014960039960040827,추세이탈,63557088000.0
018880,한온시스템,2026-05-06,2026-05-07,2026-05-07,5450.0,5014.0,-0.08249999999999996,손절,742686493330.0
298050,HS효성첨단소재,2026-05-06,2026-05-07,2026-05-08,269000.0,247480.0,-0.08249999999999996,손절,9477385500.0
383220,F&F,2026-05-06,2026-05-07,2026-05-28,77700.0,71484.0,-0.08249999999999996,손절,14406398500.0
059120,아진엑스텍,2026-05-06,2026-05-07,2026-05-14,11400.0,10488.0,-0.08249999999999996,손절,90838209440.0
003490,대한항공,2026-05-07,2026-05-08,2026-05-13,26000.0,24750.0,-0.05057692307692313,추세이탈,167478307550.0
499790,GS피앤엘,2026-05-07,2026-05-08,2026-05-11,56300.0,51796.0,-0.08249999999999996,손절,17195662400.0
064400,LG씨엔에스,2026-05-08,2026-05-11,2026-06-26,72300.0,79100.0,0.09155255878284935,추세이탈,148687845000.0
459510,나우로보틱스,2026-05-08,2026-05-11,2026-05-12,29950.0,27554.0,-0.08249999999999996,손절,65706070500.0
204320,HL만도,2026-05-08,2026-05-11,2026-05-19,61300.0,56396.0,-0.08249999999999996,손절,105368352900.0
012860,모베이스전자,2026-05-11,2026-05-12,2026-05-18,4915.0,4521.8,-0.08249999999999996,손절,59763988800.0
042660,한화오션,2026-05-11,2026-05-12,2026-05-12,129700.0,119324.0,-0.08249999999999996,손절,423416646000.0
437730,삼현,2026-05-11,2026-05-12,2026-05-12,57800.0,53176.0,-0.08249999999999996,손절,29759729100.0
012200,계양전기,2026-05-12,2026-05-13,2026-05-14,11262.0,10361.04,-0.08249999999999996,손절,193238367072.0
011210,현대위아,2026-05-12,2026-05-13,2026-05-18,93400.0,85928.0,-0.08249999999999996,손절,96648825600.0
014680,한솔케미칼,2026-05-13,2026-05-14,2026-05-18,330000.0,303600.0,-0.08249999999999996,손절,68709648000.0
086280,현대글로비스,2026-05-14,2026-05-15,2026-05-15,268500.0,247020.0,-0.08249999999999996,손절,232461229000.0
001450,현대해상,2026-05-19,2026-05-20,2026-05-21,38800.0,35696.0,-0.08249999999999996,손절,96471154500.0
019180,티에이치엔,2026-05-27,2026-05-28,2026-05-28,9360.0,8611.2,-0.08249999999999996,손절,32184383080.0
000650,천일고속,2026-06-02,2026-06-04,2026-06-04,237500.0,218500.0,-0.08249999999999996,손절,40069590000.0
000240,한국앤컴퍼니,2026-06-16,2026-06-17,2026-06-17,28100.0,25852.0,-0.08249999999999996,손절,14399252000.0
