전략,거래수,승률%,평균%,평균이익%,평균손실%,PF,전반기(20~23)평균%,후반기(24~26)평균%,보유(달력일),포트_연평균%,포트_최대낙폭%,포트_최종(배)
01 52주 신고가 모멘텀,9428,26.9,0.76,21.1,-6.7,1.16,0.4,1.27,15.1,19.5,-45.3,3.33
01 52주 신고가 모멘텀 [시장필터 없음],11345,25.7,0.43,21.3,-6.8,1.08,0.1,0.9,14.4,-3.2,-69.4,0.8
02 변동성축소 돌파(VCP),2586,29.1,-0.43,10.6,-5.0,0.88,-0.39,-0.52,10.3,-9.0,-57.5,0.53
02 변동성축소 돌파(VCP) [시장필터 없음],3266,29.2,-0.42,10.5,-4.9,0.88,-0.47,-0.28,10.3,-13.9,-70.2,0.37
03 상승추세 RSI(2) 과매도,23374,55.5,-0.32,4.5,-6.3,0.89,-0.19,-0.51,5.3,-11.0,-56.0,0.46
03 상승추세 RSI(2) 과매도 [시장필터 없음],43095,56.7,-0.09,4.8,-6.5,0.97,0.02,-0.27,5.1,-11.8,-62.7,0.43
04 볼린저 하단 반등,3398,46.2,-0.64,6.5,-6.8,0.82,-0.71,-0.51,7.6,-11.7,-58.4,0.43
04 볼린저 하단 반등 [시장필터 없음],8997,45.9,-0.46,7.0,-6.8,0.87,-0.53,-0.31,7.5,-27.1,-88.4,0.12
05 이평수렴+거래량 양봉,6826,26.0,0.08,14.6,-5.0,1.02,-0.18,0.57,15.7,0.7,-67.5,1.05
05 이평수렴+거래량 양봉 [시장필터 없음],9298,25.2,-0.15,14.3,-5.0,0.96,-0.47,0.47,15.0,-15.6,-82.4,0.32
06 주도주 첫 눌림,8703,25.4,-0.28,10.1,-3.8,0.9,-0.21,-0.39,5.6,-2.6,-46.2,0.83
06 주도주 첫 눌림 [시장필터 없음],12741,24.8,-0.56,9.6,-3.9,0.81,-0.57,-0.55,5.4,-18.0,-84.2,0.26
07 20/60 골든크로스,2032,18.2,0.4,36.5,-7.6,1.06,0.88,-0.34,24.7,-13.2,-69.5,0.38
07 20/60 골든크로스 [시장필터 없음],2878,18.1,-0.12,33.9,-7.6,0.98,0.33,-0.81,23.6,-22.0,-83.3,0.19
08 60일 박스권 돌파,3029,25.9,-0.6,15.3,-6.2,0.87,-0.24,-1.27,16.5,-4.4,-36.7,0.74
08 60일 박스권 돌파 [시장필터 없음],4144,24.7,-0.79,15.5,-6.1,0.83,-0.51,-1.32,16.0,-19.1,-82.2,0.24
09 저변동성 우상향,1716,24.7,0.76,16.9,-4.5,1.22,-0.07,2.58,31.9,10.5,-44.0,1.97
09 저변동성 우상향 [시장필터 없음],2057,24.6,0.65,16.3,-4.5,1.19,-0.16,2.54,30.8,17.1,-30.1,2.9
10 장기 바닥 탈출,467,20.3,-2.2,13.0,-6.1,0.55,-2.77,-1.29,14.0,-11.1,-55.8,0.46
10 장기 바닥 탈출 [시장필터 없음],832,21.2,-2.34,11.4,-6.0,0.51,-2.54,-2.0,12.6,-20.9,-79.2,0.21
